{
  "replace": false,
  "trades": [
    {
      "type": "goblintraders:basic",
      "experience": 4,
      "max_trades": 24,
      "offer_item": {
        "count": 1,
        "item": "minecraft:emerald"
      },
      "payment_item": {
        "count": 1,
        "item": "minecraft:carrot"
      },
      "price_multiplier": 0.0
    },
    {
      "type": "goblintraders:basic",
      "experience": 4,
      "max_trades": 32,
      "offer_item": {
        "count": 4,
        "item": "minecraft:glowstone_dust"
      },
      "payment_item": {
        "count": 1,
        "item": "minecraft:glowstone"
      },
      "price_multiplier": 0.0
    },
    {
      "type": "goblintraders:basic",
      "experience": 4,
      "max_trades": 64,
      "offer_item": {
        "count": 1,
        "item": "minecraft:emerald"
      },
      "payment_item": {
        "count": 64,
        "item": "minecraft:netherrack"
      },
      "price_multiplier": 0.0
    },
    {
      "type": "goblintraders:basic",
      "experience": 4,
      "offer_item": {
        "count": 2,
        "item": "minecraft:nether_wart"
      },
      "payment_item": {
        "count": 1,
        "item": "minecraft:emerald"
      },
      "price_multiplier": 0.0
    }
  ]
}