{
  "replace": false,
  "trades": [
    {
      "type": "goblintraders:basic",
      "enchantments": [
        {
          "id": "minecraft:sharpness",
          "level": 7
        },
        {
          "id": "minecraft:unbreaking",
          "level": 7
        }
      ],
      "experience": 1000,
      "max_trades": 1,
      "offer_item": {
        "count": 1,
        "item": "minecraft:diamond_sword",
        "nbt": "{Damage:0}"
      },
      "payment_item": {
        "count": 5,
        "item": "minecraft:dragon_head"
      },
      "price_multiplier": 0.0,
      "secondary_payment_item": {
        "count": 1,
        "item": "minecraft:diamond_sword",
        "nbt": "{Damage:0}"
      }
    }
  ]
}