{
  "replace": false,
  "trades": [
    {
      "type": "goblintraders:basic",
      "experience": 10,
      "offer_item": {
        "count": 1,
        "item": "minecraft:totem_of_undying"
      },
      "payment_item": {
        "count": 2,
        "item": "minecraft:netherite_ingot"
      },
      "price_multiplier": 0.0
    },
    {
      "type": "goblintraders:basic",
      "experience": 50,
      "max_trades": 20,
      "offer_item": {
        "count": 5,
        "item": "minecraft:netherite_scrap"
      },
      "payment_item": {
        "count": 4,
        "item": "minecraft:ancient_debris"
      },
      "price_multiplier": 0.0
    },
    {
      "type": "goblintraders:basic",
      "experience": 4,
      "max_trades": 128,
      "offer_item": {
        "count": 1,
        "item": "minecraft:red_nether_bricks"
      },
      "payment_item": {
        "count": 1,
        "item": "minecraft:nether_wart"
      },
      "price_multiplier": 0.0,
      "secondary_payment_item": {
        "count": 1,
        "item": "minecraft:nether_brick"
      }
    }
  ]
}