{
  "structures": [
    {
      "structure": "idas:cottage",
      "weight": 3
    },
    {
      "structure": "idas:animal_den/forest_den",
      "weight": 3
    },
    {
      "structure": "idas:animal_den/polar_bear_den",
      "weight": 3
    },
    {
      "structure": "idas:lumber_camp/lumber_camp_oak",
      "weight": 3
    },
    {
      "structure": "idas:lumber_camp/lumber_camp_spruce",
      "weight": 3
    },
    {
      "structure": "idas:lumber_camp/lumber_camp_birch",
      "weight": 3
    },
    {
      "structure": "idas:lumber_camp/lumber_camp_jungle",
      "weight": 3
    },
    {
      "structure": "idas:lumber_camp/lumber_camp_acacia",
      "weight": 3
    },
    {
      "structure": "idas:lumber_camp/lumber_camp_dark_oak",
      "weight": 3
    },
    {
      "structure": "idas:lumber_camp/lumber_camp_bygredwood",
      "weight": 3
    },
    {
      "structure": "idas:lumber_camp/lumber_camp_bopredwood",
      "weight": 3
    },
    {
      "structure": "idas:lumber_camp/lumber_camp_bygmahogany",
      "weight": 3
    },
    {
      "structure": "idas:lumber_camp/lumber_camp_bopmahogany",
      "weight": 3
    },
    {
      "structure": "idas:desert_camp/desert_camp",
      "weight": 3
    },
    {
      "structure": "idas:desert_camp/desert_camp_red",
      "weight": 3
    },
    {
      "structure": "idas:desert_camp/desert_camp_orange",
      "weight": 3
    },
    {
      "structure": "idas:desert_camp/desert_camp_bygwindswept",
      "weight": 3
    },
    {
      "structure": "idas:sunken_ship/sunken_ship_ruins",
      "weight": 3
    },
    {
      "structure": "idas:washing_camp",
      "weight": 3
    },
    {
      "structure": "idas:desert_market/desert_market",
      "weight": 2
    },
    {
      "structure": "idas:desert_market/desert_market_red",
      "weight": 2
    },
    {
      "structure": "idas:desert_market/desert_market_orange",
      "weight": 2
    },
    {
      "structure": "idas:pillager_camp",
      "weight": 3
    },
    {
      "structure": "idas:snifferhenge",
      "weight": 1
    },
    {
      "structure": "idas:train_ruins",
      "weight": 2
    },
    {
      "structure": "idas:frozen_crypt",
      "weight": 1
    }
  ],
  "placement": {
    "salt": 169480673,
    "spacing": 35,
    "separation": 23,
    "type": "integrated_api:advanced_random_spread",
    "super_exclusion_zone": {
      "chunk_count": 8,
      "other_set": "#idas:small_avoid"
    }
  }
}