{
	"content": {

		"gardening_rew_stone_shovel": {
			"type": "item",
			"content": "minecraft:stone_shovel",
			"amount": {
				"min": 1,
				"max": 3
			},
			"unitWorth": 150,
			"nbt": "{Damage:0}"
		},

		"gardening_rew_stone_hoe": {
			"type": "item",
			"content": "minecraft:stone_hoe",
			"amount": {
				"min": 1,
				"max": 3
			},
			"unitWorth": 250,
			"nbt": "{Damage:0}"
		},

		"gardening_rew_iron_hoe": {
			"type": "item",
			"rarity": "UNCOMMON",
			"content": "minecraft:iron_hoe",
			"amount": {
				"min": 1,
				"max": 1
			},
			"unitWorth": 1800,
			"nbt": "{Damage:0}",
			"forbids": [
				{
					"type": "item",
					"content": "minecraft:iron_ingot"
				}
			]
		},

		"gardening_rew_iron_shovel": {
			"type": "item",
			"rarity": "UNCOMMON",
			"content": "minecraft:iron_shovel",
			"amount": {
				"min": 1,
				"max": 1
			},
			"unitWorth": 600,
			"nbt": "{Damage:0}",
			"forbids": [
				{
					"type": "item",
					"content": "minecraft:iron_ingot"
				}
			]
		}

	}


}