
{
	"content": {

        "armorer_obj_lava_bucket": {
            "type": "item",
            "content": "minecraft:lava_bucket",
            "amount": {
                "min": 1,
                "max": 10
            },
            "unitWorth": 100
        },

        "armorer_obj_leather_helm": {
            "type": "item",
            "content": "minecraft:leather_helmet",
            "amount": {
                "min": 1,
                "max": 3
            },
            "unitWorth": 100,
            "nbt": "{Damage:0}"
        },

        "armorer_obj_leather_chest": {
            "type": "item",
            "content": "minecraft:leather_chestplate",
            "amount": {
                "min": 1,
                "max": 4
            },
            "unitWorth": 160,
            "nbt": "{Damage:0}"
        },

        "armorer_obj_leather_legs": {
            "type": "item",
            "content": "minecraft:leather_leggings",
            "amount": {
                "min": 1,
                "max": 3
            },
            "unitWorth": 140,
            "nbt": "{Damage:0}"
        },

        "armorer_obj_leather_boots": {
            "type": "item",
            "content": "minecraft:leather_boots",
            "amount": {
                "min": 1,
                "max": 3
            },
            "unitWorth": 80,
            "nbt": "{Damage:0}"
        },

        "armorer_obj_blast_furnace": {
            "type": "item",
            "content": "minecraft:blast_furnace",
            "amount": {
                "min": 1,
                "max": 4
            },
            "unitWorth": 500
        },

        "armorer_obj_lava_bucket_2": {
            "type": "item",
            "content": "minecraft:lava_bucket",
            "amount": {
                "min": 1,
                "max": 1
            },
            "unitWorth": 200
        }

	}


}