
{
	"content": {

        "cleric_obj_rotflesh": {
            "type": "item",
            "content": "minecraft:rotten_flesh",
            "amount": {
                "min": 12,
                "max": 48
            },
            "unitWorth": 30
        },

        "cleric_obj_gold_ingot": {
            "type": "item",
            "content": "minecraft:gold_ingot",
            "amount": {
                "min": 1,
                "max": 7
            },
            "unitWorth": 200
        },

        "cleric_obj_magma_cream": {
            "type": "item",
            "content": "minecraft:magma_cream",
            "amount": {
                "min": 2,
                "max": 6
            },
            "unitWorth": 450
        },

        "cleric_obj_blaze_powder": {
            "type": "item",
            "content": "minecraft:blaze_powder",
            "amount": {
                "min": 2,
                "max": 4
            },
            "unitWorth": 400
        },

        "cleric_obj_blaze_rod": {
            "type": "item",
            "content": "minecraft:blaze_rod",
            "amount": {
                "min": 2,
                "max": 4
            },
            "unitWorth": 800
        },

        "cleric_obj_potion_water": {
            "type": "item",
            "content": "minecraft:potion",
            "amount": {
                "min": 2,
                "max": 8
            },
            "unitWorth": 100,
            "nbt": "{Potion:\"minecraft:water\"}"
        },

        "cleric_obj_potion_awkward": {
            "type": "item",
            "content": "minecraft:potion",
            "amount": {
                "min": 2,
                "max": 6
            },
            "unitWorth": 200,
            "nbt": "{Potion:\"minecraft:awkward\"}"
        },

        "cleric_obj_rabbit_foot": {
            "type": "item",
			"rarity": "UNCOMMON",
            "content": "minecraft:rabbit_foot",
            "amount": {
                "min": 1,
                "max": 2
            },
            "unitWorth": 500
        },

        "cleric_obj_cauldron": {
            "type": "item",
            "rarity": "UNCOMMON",
            "content": "minecraft:cauldron",
            "amount": {
                "min": 1,
                "max": 2
            },
            "unitWorth": 4200
        },

        "cleric_obj_glass_bottle": {
            "type": "item",
			"rarity": "RARE",
            "content": "minecraft:glass_bottle",
            "amount": {
                "min": 4,
                "max": 16
            },
            "unitWorth": 110
        },

        "cleric_obj_ghast_tear": {
            "type": "item",
            "rarity": "RARE",
            "content": "minecraft:ghast_tear",
            "amount": {
                "min": 1,
                "max": 1
            },
            "unitWorth": 1000
        },

        "cleric_obj_scute": {
            "type": "item",
			"rarity": "RARE",
            "content": "minecraft:scute",
            "amount": {
                "min": 2,
                "max": 6
            },
            "unitWorth": 250
        },

        "cleric_obj_nether_wart": {
            "type": "item",
			"rarity": "UNCOMMON",
            "content": "minecraft:nether_wart",
            "amount": {
                "min": 10,
                "max": 40
            },
            "unitWorth": 85
        },

        "cleric_obj_brew_swiftness": {
            "type": "criteria",
            "content": "minecraft:brewed_potion",
            "conditions": {
                "potion": "minecraft:swiftness"
            },
            "amount": {
                "min": 1,
                "max": 3
            },
            "unitWorth": 350
        },

        "cleric_obj_cure_zombie_villager": {
            "type": "criteria",
            "rarity": "EPIC",
            "content": "minecraft:cured_zombie_villager",
            "conditions": {},
            "amount": {
                "min": 1,
                "max": 1
            },
            "unitWorth": 3000,
            "timeMult": 4
        }

	}

}