
{
	"content": {
		
		"fisherman_fishing": {
            "type": "criteria",
            "rarity": "COMMON",
            "name": "Fish up anything",
            "content": "minecraft:fishing_rod_hooked",
            "conditions": {
                "type_specific": {
                    "fishing_hook": {
                        "in_open_water": true
                    }
                }
            },
            "amount": {
                "min": 8,
                "max": 16
            },
            "unitWorth": 85,
            "timeMult": 3
        },
		"fisherman_fishing_2": {
            "type": "criteria",
            "rarity": "COMMON",
            "name": "Fish up anything",
            "content": "minecraft:fishing_rod_hooked",
            "conditions": {
                "type_specific": {
                    "fishing_hook": {
                        "in_open_water": true
                    }
                }
            },
            "amount": {
                "min": 16,
                "max": 64
            },
            "unitWorth": 100,
            "timeMult": 3
        },
        "fisherman_obj_string": {
            "type": "item",
            "content": "minecraft:string",
            "amount": {
                "min": 4,
                "max": 32
            },
            "unitWorth": 50
        },

        "fisherman_obj_cod": {
            "type": "item",
            "content": "minecraft:cod",
            "amount": {
                "min": 2,
                "max": 16
            },
            "unitWorth": 65,
            "weightMult": 1.5
        },

        "fisherman_obj_barrel": {
            "type": "item",
            "content": "minecraft:barrel",
            "amount": {
                "min": 1,
                "max": 6
            },
            "unitWorth": 250
        },

        "fisherman_obj_salmon": {
            "type": "item",
            "content": "minecraft:salmon",
            "amount": {
                "min": 3,
                "max": 15
            },
            "unitWorth": 75,
            "weightMult": 1.5
        },

        "fisherman_obj_trop_fish": {
            "type": "item",
            "content": "minecraft:tropical_fish",
            "amount": {
                "min": 1,
                "max": 6
            },
            "unitWorth": 165,
            "weightMult": 1.5
        },

        "fisherman_obj_pufferfish": {
            "type": "item",
            "content": "minecraft:pufferfish",
            "amount": {
                "min": 1,
                "max": 4
            },
            "unitWorth": 250,
            "weightMult": 1.5
        },

        "fisherman_obj_naut_shell": {
            "type": "item",
            "rarity": "EPIC",
            "content": "minecraft:nautilus_shell",
            "amount": {
                "min": 1,
                "max": 1
            },
            "unitWorth": 1100.0
        },


        "fisherman_obj_catch_ench_book": {
            "type": "criteria",
            "content": "minecraft:fishing_rod_hooked",
            "conditions": {
                "item": {
                    "items": [
                        "minecraft:enchanted_book"
                    ]
                }
            },
            "amount": {
                "min": 1,
                "max": 3
            },
            "unitWorth": 4500,
            "timeMult": 6
        },
		
        "fisherman_obj_crab_leg": {
            "type": "item",
            "content": "quark:crab_leg",
            "amount": {
                "min": 1,
                "max": 4
            },
            "unitWorth": 159
        },
		
        "fisherman_obj_crab_shell": {
            "type": "item",
            "content": "quark:crab_shell",
            "amount": {
                "min": 1,
                "max": 3
            },
            "unitWorth": 320
        }

	}

}