{
	"content": {
		"inventor_rews_sticky_piston": {
			"type": "item",
			"content": "minecraft:piston",
			"amount": {
				"min": 1,
				"max": 4
			},
			"unitWorth": 110
		},
		"inventor_objs_redstone": {
			"type": "item",
			"content": "minecraft:redstone",
			"amount": {
				"min": 2,
				"max": 48
			},
			"unitWorth": 10
		},
		"inventor_objs_redstone_torch": {
			"type": "item",
			"content": "minecraft:redstone_torch",
			"amount": {
				"min": 2,
				"max": 48
			},
			"unitWorth": 15
		},
		"inventor_objs_redstone_block": {
			"type": "item",
			"content": "minecraft:redstone_block",
			"amount": {
				"min": 2,
				"max": 6
			},
			"unitWorth": 30
		},
		"inventor_objs_hopper": {
			"type": "item",
			"content": "minecraft:hopper",
			"amount": {
				"min": 1,
				"max": 6
			},
			"unitWorth": 50
		},
		"inventor_objs_jukebox": {
			"type": "item",
			"rarity": "RARE",
			"content": "minecraft:jukebox",
			"amount": {
				"min": 1,
				"max": 3
			},
			"unitWorth": 300
		}
	}
}