
{
	"content": {

        "leatherer_rew_leather_chest": {
            "type": "item",
            "content": "minecraft:leather_chestplate",
            "amount": {
                "min": 1,
                "max": 1
            },
            "unitWorth": 1200,
            "nbt": "{Damage:0}",
            "forbids": [
                {
                    "type": "item",
                    "content": "minecraft:leather"
                }
            ]
        },

        "leatherer_rew_leather_legs": {
            "type": "item",
            "content": "minecraft:leather_leggings",
            "amount": {
                "min": 1,
                "max": 1
            },
            "unitWorth": 1050,
            "nbt": "{Damage:0}",
            "forbids": [
                {
                    "type": "item",
                    "content": "minecraft:leather"
                }
            ]
        },

        "leatherer_rew_leather_helm": {
            "type": "item",
            "content": "minecraft:leather_helmet",
            "amount": {
                "min": 1,
                "max": 1
            },
            "unitWorth": 750,
            "nbt": "{Damage:0}",
            "forbids": [
                {
                    "type": "item",
                    "content": "minecraft:leather"
                }
            ]
        },

        "leatherer_rew_turtle_helmet": {
            "type": "item",
            "rarity": "UNCOMMON",
            "content": "minecraft:turtle_helmet",
            "amount": {
                "min": 1,
                "max": 1
            },
            "unitWorth": 1250,
            "nbt": "{Damage:0}",
            "forbids": [
                {
                    "type": "item",
                    "content": "minecraft:scute"
                }
            ]
        },

        "leatherer_rew_leather_boots": {
            "type": "item",
            "content": "minecraft:leather_boots",
            "amount": {
                "min": 1,
                "max": 1
            },
            "unitWorth": 600,
            "nbt": "{Damage:0}",
            "forbids": [
                {
                    "type": "item",
                    "content": "minecraft:leather"
                }
            ]
        },

        "leatherer_rew_leather_horse_armor": {
            "type": "item",
			"rarity": "UNCOMMON",
            "content": "minecraft:leather_horse_armor",
            "amount": {
                "min": 1,
                "max": 1
            },
            "unitWorth": 2000
        },

        "leatherer_rew_saddle": {
            "type": "item",
			"rarity": "RARE",
            "content": "minecraft:saddle",
            "amount": {
                "min": 1,
                "max": 1
            },
            "unitWorth": 3000
        }

	}

}