
{
	"content": {

        "shepherd_obj_loom": {
            "type": "item",
            "content": "minecraft:loom",
            "amount": {
                "min": 1,
                "max": 4
            },
            "unitWorth": 150
        },

        "shepherd_obj_wool_random": {
            "type": "item",
            "content": "#minecraft:wool",
            "amount": {
                "min": 4,
                "max": 24
            },
            "unitWorth": 70,
            "weightMult": 6.0
        },

        "shepherd_obj_wool_wildcard": {
            "type": "item_tag",
            "content": "minecraft:wool",
            "amount": {
                "min": 3,
                "max": 24
            },
            "unitWorth": 55,
            "weightMult": 4.0
        },

        "shepherd_obj_banner_random": {
            "type": "item",
            "content": "#minecraft:banners",
            "amount": {
                "min": 2,
                "max": 14
            },
            "unitWorth": 400,
            "weightMult": 4.0
        },

        "shepherd_obj_banner_wildcard": {
            "type": "item_tag",
            "content": "minecraft:banners",
            "amount": {
                "min": 2,
                "max": 16
            },
            "unitWorth": 350,
            "weightMult": 4.0
        },

        "shepherd_obj_bed_wildcard": {
            "type": "item_tag",
            "content": "minecraft:beds",
            "amount": {
                "min": 1,
                "max": 6
            },
            "unitWorth": 500
        },

        "shepherd_obj_gray_dye": {
            "type": "item",
            "content": "minecraft:gray_dye",
            "amount": {
                "min": 4,
                "max": 16
            },
            "unitWorth": 80
        },

        "shepherd_obj_black_dye": {
            "type": "item",
            "content": "minecraft:black_dye",
            "amount": {
                "min": 4,
                "max": 16
            },
            "unitWorth": 85
        },

        "shepherd_obj_light_blue_dye": {
            "type": "item",
            "content": "minecraft:light_blue_dye",
            "amount": {
                "min": 4,
                "max": 16
            },
            "unitWorth": 85
        },

        "shepherd_obj_lime_dye": {
            "type": "item",
            "content": "minecraft:lime_dye",
            "amount": {
                "min": 4,
                "max": 16
            },
            "unitWorth": 85
        },

        "shepherd_obj_yellow_dye": {
            "type": "item",
			"rarity": "UNCOMMON",
            "content": "minecraft:yellow_dye",
            "amount": {
                "min": 4,
                "max": 16
            },
            "unitWorth": 85
        },

        "shepherd_obj_orange_dye": {
            "type": "item",
			"rarity": "UNCOMMON",
            "content": "minecraft:orange_dye",
            "amount": {
                "min": 4,
                "max": 16
            },
            "unitWorth": 85
        },

        "shepherd_obj_red_dye": {
            "type": "item",
			"rarity": "UNCOMMON",
            "content": "minecraft:red_dye",
            "amount": {
                "min": 4,
                "max": 16
            },
            "unitWorth": 85
        },

        "shepherd_obj_pink_dye": {
            "type": "item",
			"rarity": "UNCOMMON",
            "content": "minecraft:pink_dye",
            "amount": {
                "min": 4,
                "max": 16
            },
            "unitWorth": 85
        }

	}

}