
{
	"content": {

        "toolsmith_obj_flint": {
            "type": "item",
            "content": "minecraft:flint",
            "amount": {
                "min": 4,
                "max": 48
            },
            "unitWorth": 80
        },

        "toolsmith_obj_prismarine_shard": {
            "type": "item",
            "rarity": "UNCOMMON",
            "content": "minecraft:prismarine_shard",
            "amount": {
                "min": 1,
                "max": 8
            },
            "unitWorth": 750
        }

	}


}