{
  "replace": false,
  "trades": [
    {
      "type": "goblintraders:basic",
      "experience": 6,
      "max_trades": 10,
      "offer_item": {
        "count": 1,
        "item": "minecraft:iron_ingot"
      },
      "payment_item": {
        "count": 1,
        "item": "minecraft:raw_iron"
      },
      "price_multiplier": 0.0
    },
    {
      "type": "goblintraders:basic",
      "experience": 6,
      "max_trades": 10,
      "offer_item": {
        "count": 2,
        "item": "minecraft:gold_ingot"
      },
      "payment_item": {
        "count": 2,
        "item": "minecraft:raw_gold"
      },
      "price_multiplier": 0.0
    },
    {
      "type": "goblintraders:basic",
      "experience": 6,
      "max_trades": 30,
      "offer_item": {
        "count": 1,
        "item": "minecraft:copper_ingot"
      },
      "payment_item": {
        "count": 1,
        "item": "minecraft:raw_copper"
      },
      "price_multiplier": 0.0
    },
    {
      "type": "goblintraders:basic",
      "experience": 4,
      "max_trades": 24,
      "offer_item": {
        "count": 1,
        "item": "minecraft:coal"
      },
      "payment_item": {
        "count": 4,
        "item": "minecraft:rotten_flesh"
      },
      "price_multiplier": 0.0
    },
    {
      "type": "goblintraders:basic",
      "experience": 4,
      "max_trades": 32,
      "offer_item": {
        "count": 2,
        "item": "minecraft:flint"
      },
      "payment_item": {
        "count": 1,
        "item": "minecraft:gravel"
      },
      "price_multiplier": 0.0
    }
  ]
}