{
  "replace": false,
  "trades": [
    {
      "type": "goblintraders:basic",
      "experience": 10,
      "max_trades": 64,
      "offer_item": {
        "count": 1,
        "item": "minecraft:experience_bottle"
      },
      "payment_item": {
        "count": 3,
        "item": "minecraft:emerald"
      },
      "price_multiplier": 0.0
    },
    {
      "type": "goblintraders:basic",
      "experience": 10,
      "max_trades": 2,
      "offer_item": {
        "count": 1,
        "item": "minecraft:name_tag"
      },
      "payment_item": {
        "count": 24,
        "item": "minecraft:emerald"
      },
      "price_multiplier": 0.0,
      "secondary_payment_item": {
        "count": 8,
        "item": "minecraft:paper"
      }
    },
    {
      "type": "goblintraders:basic",
      "experience": 10,
      "max_trades": 64,
      "offer_item": {
        "count": 1,
        "item": "minecraft:blue_ice"
      },
      "payment_item": {
        "count": 4,
        "item": "minecraft:packed_ice"
      },
      "price_multiplier": 0.0
    },
    {
      "type": "goblintraders:basic",
      "enchantments": [
        {
          "id": "minecraft:luck_of_the_sea",
          "level": 5
        }
      ],
      "experience": 30,
      "max_trades": 2,
      "offer_item": {
        "count": 1,
        "item": "minecraft:fishing_rod",
        "nbt": "{Damage:0}"
      },
      "payment_item": {
        "count": 1,
        "item": "minecraft:fishing_rod",
        "nbt": "{Damage:0}"
      },
      "price_multiplier": 0.5,
      "secondary_payment_item": {
        "count": 1,
        "item": "minecraft:enchanted_book",
        "nbt": "{StoredEnchantments:[{id:\"minecraft:luck_of_the_sea\",lvl:3s}]}"
      }
    },
    {
      "type": "goblintraders:basic",
      "enchantments": [
        {
          "id": "minecraft:lure",
          "level": 5
        }
      ],
      "experience": 30,
      "max_trades": 2,
      "offer_item": {
        "count": 1,
        "item": "minecraft:fishing_rod",
        "nbt": "{Damage:0}"
      },
      "payment_item": {
        "count": 1,
        "item": "minecraft:fishing_rod",
        "nbt": "{Damage:0}"
      },
      "price_multiplier": 0.5,
      "secondary_payment_item": {
        "count": 1,
        "item": "minecraft:enchanted_book",
        "nbt": "{StoredEnchantments:[{id:\"minecraft:lure\",lvl:3s}]}"
      }
    },
    {
      "type": "goblintraders:basic",
      "experience": 100,
      "max_trades": 1,
      "offer_item": {
        "count": 1,
        "item": "minecraft:music_disc_cat"
      },
      "payment_item": {
        "count": 32,
        "item": "minecraft:emerald"
      },
      "price_multiplier": 0.0
    },
    {
      "type": "goblintraders:basic",
      "experience": 100,
      "max_trades": 1,
      "offer_item": {
        "count": 1,
        "item": "minecraft:music_disc_blocks"
      },
      "payment_item": {
        "count": 32,
        "item": "minecraft:emerald"
      },
      "price_multiplier": 0.0
    },
    {
      "type": "goblintraders:basic",
      "experience": 100,
      "max_trades": 1,
      "offer_item": {
        "count": 1,
        "item": "minecraft:music_disc_chirp"
      },
      "payment_item": {
        "count": 32,
        "item": "minecraft:emerald"
      },
      "price_multiplier": 0.0
    },
    {
      "type": "goblintraders:basic",
      "experience": 100,
      "max_trades": 1,
      "offer_item": {
        "count": 1,
        "item": "minecraft:music_disc_mellohi"
      },
      "payment_item": {
        "count": 32,
        "item": "minecraft:emerald"
      },
      "price_multiplier": 0.0
    },
    {
      "type": "goblintraders:basic",
      "experience": 100,
      "max_trades": 1,
      "offer_item": {
        "count": 1,
        "item": "minecraft:music_disc_stal"
      },
      "payment_item": {
        "count": 32,
        "item": "minecraft:emerald"
      },
      "price_multiplier": 0.0
    },
    {
      "type": "goblintraders:basic",
      "enchantments": [
        {
          "id": "minecraft:efficiency",
          "level": 6
        }
      ],
      "experience": 200,
      "max_trades": 1,
      "offer_item": {
        "count": 1,
        "item": "minecraft:diamond_pickaxe",
        "nbt": "{Damage:0}"
      },
      "payment_item": {
        "count": 1,
        "item": "minecraft:diamond_pickaxe",
        "nbt": "{Damage:0}"
      },
      "price_multiplier": 0.0,
      "secondary_payment_item": {
        "count": 1,
        "item": "minecraft:enchanted_book",
        "nbt": "{StoredEnchantments:[{id:\"minecraft:efficiency\",lvl:5s}]}"
      }
    },
    {
      "type": "goblintraders:basic",
      "enchantments": [
        {
          "id": "minecraft:unbreaking",
          "level": 4
        }
      ],
      "experience": 200,
      "max_trades": 1,
      "offer_item": {
        "count": 1,
        "item": "minecraft:diamond_pickaxe",
        "nbt": "{Damage:0}"
      },
      "payment_item": {
        "count": 1,
        "item": "minecraft:diamond_pickaxe",
        "nbt": "{Damage:0}"
      },
      "price_multiplier": 0.0,
      "secondary_payment_item": {
        "count": 1,
        "item": "minecraft:enchanted_book",
        "nbt": "{StoredEnchantments:[{id:\"minecraft:unbreaking\",lvl:3s}]}"
      }
    },
    {
      "type": "goblintraders:basic",
      "enchantments": [
        {
          "id": "minecraft:fortune",
          "level": 4
        }
      ],
      "experience": 200,
      "max_trades": 1,
      "offer_item": {
        "count": 1,
        "item": "minecraft:diamond_pickaxe",
        "nbt": "{Damage:0}"
      },
      "payment_item": {
        "count": 1,
        "item": "minecraft:diamond_pickaxe",
        "nbt": "{Damage:0}"
      },
      "price_multiplier": 0.0,
      "secondary_payment_item": {
        "count": 1,
        "item": "minecraft:enchanted_book",
        "nbt": "{StoredEnchantments:[{id:\"minecraft:fortune\",lvl:3s}]}"
      }
    },
    {
      "type": "goblintraders:basic",
      "enchantments": [
        {
          "id": "minecraft:efficiency",
          "level": 6
        }
      ],
      "experience": 200,
      "max_trades": 1,
      "offer_item": {
        "count": 1,
        "item": "minecraft:diamond_axe",
        "nbt": "{Damage:0}"
      },
      "payment_item": {
        "count": 1,
        "item": "minecraft:diamond_axe",
        "nbt": "{Damage:0}"
      },
      "price_multiplier": 0.0,
      "secondary_payment_item": {
        "count": 1,
        "item": "minecraft:enchanted_book",
        "nbt": "{StoredEnchantments:[{id:\"minecraft:efficiency\",lvl:5s}]}"
      }
    },
    {
      "type": "goblintraders:basic",
      "enchantments": [
        {
          "id": "minecraft:unbreaking",
          "level": 4
        }
      ],
      "experience": 200,
      "max_trades": 1,
      "offer_item": {
        "count": 1,
        "item": "minecraft:diamond_axe",
        "nbt": "{Damage:0}"
      },
      "payment_item": {
        "count": 1,
        "item": "minecraft:diamond_axe",
        "nbt": "{Damage:0}"
      },
      "price_multiplier": 0.0,
      "secondary_payment_item": {
        "count": 1,
        "item": "minecraft:enchanted_book",
        "nbt": "{StoredEnchantments:[{id:\"minecraft:unbreaking\",lvl:3s}]}"
      }
    },
    {
      "type": "goblintraders:basic",
      "enchantments": [
        {
          "id": "minecraft:efficiency",
          "level": 6
        }
      ],
      "experience": 200,
      "max_trades": 1,
      "offer_item": {
        "count": 1,
        "item": "minecraft:diamond_shovel",
        "nbt": "{Damage:0}"
      },
      "payment_item": {
        "count": 1,
        "item": "minecraft:diamond_shovel",
        "nbt": "{Damage:0}"
      },
      "price_multiplier": 0.0,
      "secondary_payment_item": {
        "count": 1,
        "item": "minecraft:enchanted_book",
        "nbt": "{StoredEnchantments:[{id:\"minecraft:efficiency\",lvl:5s}]}"
      }
    },
    {
      "type": "goblintraders:basic",
      "enchantments": [
        {
          "id": "minecraft:unbreaking",
          "level": 4
        }
      ],
      "experience": 200,
      "max_trades": 1,
      "offer_item": {
        "count": 1,
        "item": "minecraft:diamond_shovel",
        "nbt": "{Damage:0}"
      },
      "payment_item": {
        "count": 1,
        "item": "minecraft:diamond_shovel",
        "nbt": "{Damage:0}"
      },
      "price_multiplier": 0.0,
      "secondary_payment_item": {
        "count": 1,
        "item": "minecraft:enchanted_book",
        "nbt": "{StoredEnchantments:[{id:\"minecraft:unbreaking\",lvl:3s}]}"
      }
    }
  ]
}