{
  "replace": false,
  "trades": [
    {
      "type": "goblintraders:basic",
      "experience": 4,
      "max_trades": 32,
      "offer_item": {
        "count": 2,
        "item": "minecraft:gunpowder"
      },
      "payment_item": {
        "count": 1,
        "item": "minecraft:emerald"
      },
      "price_multiplier": 0.0
    },
    {
      "type": "goblintraders:basic",
      "experience": 10,
      "offer_item": {
        "count": 6,
        "item": "minecraft:emerald"
      },
      "payment_item": {
        "count": 1,
        "item": "minecraft:turtle_egg"
      },
      "price_multiplier": 0.0
    },
    {
      "type": "goblintraders:basic",
      "experience": 10,
      "max_trades": 4,
      "offer_item": {
        "count": 8,
        "item": "minecraft:emerald"
      },
      "payment_item": {
        "count": 1,
        "item": "minecraft:pufferfish_bucket"
      },
      "price_multiplier": 0.0
    },
    {
      "type": "goblintraders:basic",
      "experience": 10,
      "offer_item": {
        "count": 1,
        "item": "minecraft:sponge"
      },
      "payment_item": {
        "count": 8,
        "item": "minecraft:emerald"
      },
      "price_multiplier": 0.0
    },
    {
      "type": "goblintraders:basic",
      "experience": 10,
      "max_trades": 2,
      "offer_item": {
        "count": 1,
        "item": "minecraft:chipped_anvil"
      },
      "payment_item": {
        "count": 1,
        "item": "minecraft:damaged_anvil"
      },
      "price_multiplier": 0.0,
      "secondary_payment_item": {
        "count": 4,
        "item": "minecraft:iron_ingot"
      }
    },
    {
      "type": "goblintraders:basic",
      "experience": 10,
      "max_trades": 2,
      "offer_item": {
        "count": 1,
        "item": "minecraft:anvil"
      },
      "payment_item": {
        "count": 1,
        "item": "minecraft:chipped_anvil"
      },
      "price_multiplier": 0.0,
      "secondary_payment_item": {
        "count": 4,
        "item": "minecraft:iron_ingot"
      }
    },
    {
      "type": "goblintraders:basic",
      "experience": 4,
      "max_trades": 64,
      "offer_item": {
        "count": 2,
        "item": "minecraft:terracotta"
      },
      "payment_item": {
        "count": 1,
        "item": "minecraft:clay"
      },
      "price_multiplier": 0.0
    },
    {
      "type": "goblintraders:basic",
      "experience": 4,
      "max_trades": 32,
      "offer_item": {
        "count": 2,
        "item": "minecraft:book"
      },
      "payment_item": {
        "count": 1,
        "item": "minecraft:leather"
      },
      "price_multiplier": 0.0,
      "secondary_payment_item": {
        "count": 3,
        "item": "minecraft:paper"
      }
    },
    {
      "type": "goblintraders:basic",
      "experience": 4,
      "max_trades": 20,
      "offer_item": {
        "count": 1,
        "item": "minecraft:emerald"
      },
      "payment_item": {
        "count": 20,
        "item": "minecraft:amethyst_shard"
      },
      "price_multiplier": 0.0
    }
  ]
}