{
  "type": "minecraft:crafting_shaped",
  "pattern": [
    "AFA",
    "SES",
    "PBP"
  ],
  "key": {
    "E": {
      "item": "create:steam_engine"
    },
    "B": {
      "tag": "forge:storage_blocks/brass"
    },
    "S": {
      "tag": "forge:plates/brass"
    },
    "F": {
      "item": "minecraft:flint_and_steel"
    },
    "A": {
      "item": "create:sturdy_sheet"
    },
    "P": {
      "item": "create:fluid_pipe"
    }
  },
  "result": {
    "item": "createdieselgenerators:huge_diesel_engine"
  }
}