{
  "structures": [
    {
      "structure": "betterarcheology:archeologist_camp_redsand",
      "weight": 5
    },
    {
      "structure": "betterarcheology:archeologist_camp_sand",
      "weight": 5
    },
    {
      "structure": "betterarcheology:buried_ruins_sand",
      "weight": 5
    },
    {
      "structure": "betterarcheology:catacombs",
      "weight": 2
    },
    {
      "structure": "betterarcheology:desert_obelisk",
      "weight": 6
    },
    {
      "structure": "betterarcheology:light_temple",
      "weight": 2
    },
    {
      "structure": "betterarcheology:mesa_ruins",
      "weight": 4
    },
    {
      "structure": "betterarcheology:mott",
      "weight": 5
    },
    {
      "structure": "betterarcheology:ruins_sand",
      "weight": 5
    },
    {
      "structure": "betterarcheology:stonehenge_grassy",
      "weight": 5
    },
    {
      "structure": "betterarcheology:temple_jungle",
      "weight": 5
    },
    {
      "structure": "betterarcheology:tumulus_grassy",
      "weight": 4
    }
  ],
  "placement": {
    "type": "minecraft:random_spread",
    "salt": 990880770,
    "spacing": 42,
    "separation": 26,
    "exclusion_zone": {
      "chunk_count": 6,
      "other_set": "betterarcheology:fossil_sites"
    }
  }
}