{
  "structures": [
    {
      "structure": "betterarcheology:underwater_0",
      "weight": 5
    },
    {
      "structure": "betterarcheology:underwater_1",
      "weight": 5
    },
    {
      "structure": "betterarcheology:underwater_2",
      "weight": 5
    },
    {
      "structure": "betterarcheology:underwater_3",
      "weight": 5
    }
  ],
  "placement": {
    "type": "minecraft:random_spread",
    "salt": 990880772,
    "spacing": 26,
    "separation": 20,
    "exclusion_zone": {
      "chunk_count": 10,
      "other_set": "minecraft:ocean_ruins"
    }
  }
}