{
    "type": "minecraft:chest",
    "pools": [
        {
            "rolls": {
                "type": "minecraft:uniform",
                "min": 1.0,
                "max": 4.0
            },
            "bonus_rolls": 0.0,
            "entries": [
                {
                    "type": "minecraft:item",
                    "weight": 5,
                    "functions": [
                        {
                            "function": "minecraft:set_count",
                            "count": {
                                "type": "minecraft:uniform",
                                "min": 2.0,
                                "max": 4.0
                            },
                            "add": false
                        }
                    ],
                    "name": "minecraft:cod"
                },
                {
                    "type": "minecraft:item",
                    "weight": 5,
                    "functions": [
                        {
                            "function": "minecraft:set_count",
                            "count": {
                                "type": "minecraft:uniform",
                                "min": 2.0,
                                "max": 4.0
                            },
                            "add": false
                        }
                    ],
                    "name": "minecraft:salmon"
                },
                {
                    "type": "minecraft:item",
                    "weight": 5,
                    "functions": [
                        {
                            "function": "minecraft:set_count",
                            "count": {
                                "type": "minecraft:uniform",
                                "min": 2.0,
                                "max": 4.0
                            },
                            "add": false
                        }
                    ],
                    "name": "minecraft:tropical_fish"
                },
                {
                    "type": "minecraft:item",
                    "weight": 5,
                    "functions": [
                        {
                            "function": "minecraft:set_count",
                            "count": {
                                "type": "minecraft:uniform",
                                "min": 2.0,
                                "max": 4.0
                            },
                            "add": false
                        }
                    ],
                    "name": "minecraft:kelp"
                },
                {
                    "type": "minecraft:item",
                    "weight": 5,
                    "functions": [
                        {
                            "function": "minecraft:set_count",
                            "count": {
                                "type": "minecraft:uniform",
                                "min": 2.0,
                                "max": 4.0
                            },
                            "add": false
                        }
                    ],
                    "name": "minecraft:dried_kelp"
                },
                {
                    "type": "minecraft:item",
                    "weight": 5,
                    "functions": [
                        {
                            "function": "minecraft:set_count",
                            "count": {
                                "type": "minecraft:uniform",
                                "min": 2.0,
                                "max": 4.0
                            },
                            "add": false
                        }
                    ],
                    "name": "ribbits:giant_lilypad"
                },
                {
                    "type": "minecraft:item",
                    "weight": 5,
                    "functions": [
                        {
                            "function": "minecraft:set_count",
                            "count": {
                                "type": "minecraft:uniform",
                                "min": 1.0,
                                "max": 1.0
                            },
                            "add": false
                        }
                    ],
                    "name": "minecraft:nautilus_shell"
                },
                {
                    "type": "minecraft:item",
                    "weight": 5,
                    "functions": [
                        {
                            "function": "minecraft:set_count",
                            "count": {
                                "type": "minecraft:uniform",
                                "min": 1.0,
                                "max": 3.0
                            },
                            "add": false
                        }
                    ],
                    "name": "minecraft:amethyst_shard"
                },
                {
                    "type": "minecraft:item",
                    "weight": 2,
                    "functions": [
                        {
                            "function": "minecraft:set_count",
                            "count": {
                                "type": "minecraft:uniform",
                                "min": 1.0,
                                "max": 3.0
                            },
                            "add": false
                        }
                    ],
                    "name": "tconstruct:sky_slime_ball"
                }
            ]
        }
    ]
}