{
    "type": "minecraft:chest",
    "pools": [
        {
            "rolls": {
                "type": "minecraft:uniform",
                "min": 3.0,
                "max": 4.0
            },
            "bonus_rolls": 0.0,
            "entries": [
                {
                    "type": "minecraft:item",
                    "weight": 8,
                    "functions": [
                        {
                            "function": "minecraft:set_count",
                            "count": {
                                "type": "minecraft:uniform",
                                "min": 2.0,
                                "max": 4.0
                            },
                            "add": false
                        }
                    ],
                    "name": "minecraft:amethyst_shard"
                },
                {
                    "type": "minecraft:item",
                    "weight": 1,
                    "functions": [
                        {
                            "function": "minecraft:set_count",
                            "count": 1,
                            "add": false
                        }
                    ],
                    "name": "minecraft:amethyst_block"
                },
                {
                    "type": "minecraft:item",
                    "weight": 3,
                    "functions": [
                        {
                            "function": "minecraft:set_count",
                            "count": {
                                "type": "minecraft:uniform",
                                "min": 1.0,
                                "max": 3.0
                            },
                            "add": false
                        }
                    ],
                    "name": "tconstruct:sky_slime_ball"
                },
                {
                    "type": "minecraft:item",
                    "weight": 2,
                    "functions": [
                        {
                            "function": "minecraft:set_count",
                            "count": {
                                "type": "minecraft:uniform",
                                "min": 1.0,
                                "max": 2.0
                            },
                            "add": false
                        }
                    ],
                    "name": "tconstruct:ichor_slime_ball"
                }
            ]
        }
    ]
}