{
    "type": "minecraft:chest",
    "pools": [
        {
            "rolls": {
                "type": "minecraft:uniform",
                "min": 4.0,
                "max": 6.0
            },
            "bonus_rolls": 0.0,
            "entries": [
                {
                    "type": "minecraft:item",
                    "weight": 5,
                    "functions": [
                        {
                            "function": "minecraft:set_count",
                            "count": {
                                "type": "minecraft:uniform",
                                "min": 1.0,
                                "max": 2.0
                            },
                            "add": false
                        }
                    ],
                    "name": "minecraft:cobweb"
                },
                {
                    "type": "minecraft:item",
                    "weight": 5,
                    "functions": [
                        {
                            "function": "minecraft:set_count",
                            "count": {
                                "type": "minecraft:uniform",
                                "min": 2.0,
                                "max": 4.0
                            },
                            "add": false
                        }
                    ],
                    "name": "minecraft:candle"
                },
                {
                    "type": "minecraft:item",
                    "weight": 5,
                    "functions": [
                        {
                            "function": "minecraft:set_count",
                            "count": {
                                "type": "minecraft:uniform",
                                "min": 2.0,
                                "max": 4.0
                            },
                            "add": false
                        }
                    ],
                    "name": "minecraft:glass_bottle"
                },
                {
                    "type": "minecraft:item",
                    "weight": 5,
                    "functions": [
                        {
                            "function": "minecraft:set_count",
                            "count": {
                                "type": "minecraft:uniform",
                                "min": 1.0,
                                "max": 2.0
                            },
                            "add": false
                        }
                    ],
                    "name": "minecraft:fermented_spider_eye"
                },
                {
                    "type": "minecraft:item",
                    "weight": 5,
                    "functions": [
                        {
                            "function": "minecraft:set_count",
                            "count": {
                                "type": "minecraft:uniform",
                                "min": 2.0,
                                "max": 6.0
                            },
                            "add": false
                        }
                    ],
                    "name": "minecraft:amethyst_shard"
                },
                {
                    "type": "minecraft:item",
                    "weight": 5,
                    "functions": [
                        {
                            "function": "minecraft:set_count",
                            "count": {
                                "type": "minecraft:uniform",
                                "min": 2.0,
                                "max": 5.0
                            },
                            "add": false
                        }
                    ],
                    "name": "minecraft:slime_ball"
                },
                {
                    "type": "minecraft:item",
                    "weight": 2,
                    "functions": [
                        {
                            "function": "minecraft:set_count",
                            "count": {
                                "type": "minecraft:uniform",
                                "min": 1.0,
                                "max": 2.0
                            },
                            "add": false
                        }
                    ],
                    "name": "tconstruct:ichor_slime_ball"
                }
            ]
        },
        {
            "rolls": 1.0,
            "bonus_rolls": 0.0,
            "entries": [
                {
                    "type": "minecraft:item",
                    "weight": 1,
                    "name": "minecraft:air"
                },
                {
                    "type": "minecraft:item",
                    "weight": 1,
                    "functions": [
                        {
                            "function": "minecraft:set_nbt",
                            "tag": "{Potion:\"minecraft:strong_leaping\"}"
                        }
                    ],
                    "name": "minecraft:potion"
                }
            ]
        }
    ]
}