{
  "minecraft": {
    "item_storage.show_name_amount": 5,
    "furnace": true,
    "harvest_tool.show_unbreakable": false,
    "animal_owner": true,
    "harvest_tool.effective_tool": true,
    "item_storage": true,
    "item_storage.normal_amount": 9,
    "harvest_tool": true,
    "armor_stand": true,
    "fluid_storage.detailed": false,
    "energy_storage": true,
    "entity_armor.max_for_render": 40,
    "breaking_progress": true,
    "tnt_stability": true,
    "item_storage.items_per_line": 9,
    "item_frame": true,
    "crop_progress": true,
    "command_block": true,
    "mob_growth": true,
    "waxed": true,
    "harvest_tool.new_line": false,
    "entity_health.max_for_render": 40,
    "entity_health.show_fractions": false,
    "mob_spawner": true,
    "redstone": true,
    "fluid_storage": true,
    "chicken_egg": true,
    "jukebox": true,
    "brewing_stand": true,
    "energy_storage.detailed": false,
    "note_block": true,
    "beehive": true,
    "item_storage.detailed_amount": 54,
    "player_head": true,
    "block_states": false,
    "lectern": true,
    "entity_armor": true,
    "harvest_tool.creative": false,
    "horse_stats": true,
    "item_tooltip": true,
    "entity_health": true,
    "enchantment_power": true,
    "zombie_villager": true,
    "villager_profession": true,
    "mob_breeding": true,
    "entity_health.icons_per_line": 10,
    "total_enchantment_power": true,
    "potion_effects": true,
    "painting": true,
    "chiseled_bookshelf": true
  },
  "splendid_slimes": {
    "splendid_slime": true
  },
  "jadeaddons.create": {
    "filter": true,
    "backtank_capacity": true,
    "goggles.requires_goggles": true,
    "goggles": false,
    "blaze_burner": true,
    "exact_block": true,
    "goggles.detailed": false,
    "placard": true
  },
  "tombstone": {
    "decorative_graves": true,
    "player_graves": true
  },
  "jade": {
    "coordinates.rel": false,
    "distance": false,
    "block_face": false,
    "coordinates": false,
    "registry_name": "OFF",
    "mod_name": true
  },
  "alekiships": {
    "furnace": true,
    "jukebox": true,
    "brewing_stand": true,
    "block": true,
    "note_block": true
  },
  "dragnlivestock": {
    "age_time": true,
    "dry_time": true,
    "o_tooltips": true
  },
  "functionalstorage": {
    "armory": true
  },
  "balm": {
    "jade": true
  },
  "productivebees": {
    "solitary_nest": true,
    "jar": true,
    "canvas_beehive": true,
    "bee_attributes": true,
    "productive_bee": true
  },
  "jadeaddons": {
    "equipment_requirement": ""
  },
  "workshop_for_handsome_adventurer": {
    "jade_plugin2": true,
    "jade_plugin3": true,
    "jade_plugin1": true
  },
  "jadeaddons.lootr": {
    "info": true
  },
  "player_companions": {
    "player_companion_entity_provider": true,
    "player_companion_collector_entity_provider": true,
    "player_companion_guard_entity_provider": true
  },
  "supplementaries": {
    "hat_stand": true
  },
  "waystones": {
    "waystone": true
  },
  "cookingforblockheads": {
    "fridge": true,
    "oven": true,
    "sink": true,
    "preservation_chamber": true,
    "milk_jar": true,
    "toaster": true
  }
}