{
  "agricraft:crop_block": null,
  "agricraft:soil": null,
  "alekiships:block": null,
  "alekiships:brewing_stand": null,
  "alekiships:furnace": null,
  "alekiships:jukebox": null,
  "alekiships:note_block": null,
  "balm:jade": null,
  "collectorsreap:crop_progress": null,
  "cookingforblockheads:fridge": null,
  "cookingforblockheads:milk_jar": null,
  "cookingforblockheads:oven": null,
  "cookingforblockheads:preservation_chamber": null,
  "cookingforblockheads:sink": null,
  "cookingforblockheads:toaster": null,
  "create:backtank_capacity": null,
  "create:blaze_burner": null,
  "create:contraption_inv": null,
  "create:crafting_blueprint": null,
  "create:exact_block": null,
  "create:filter": null,
  "create:goggles": null,
  "create:hide_boiler_tanks": null,
  "create:placard": null,
  "dragnlivestock:age_time": null,
  "dragnlivestock:dry_time": null,
  "dragnlivestock:o_tooltips": null,
  "framedblocks:framed_item_frame": null,
  "functionalstorage:armory": null,
  "jade:block_face": null,
  "jade:distance": null,
  "jade:mod_name": null,
  "jade:object_name": null,
  "jade:registry_name": null,
  "jadeaddons.create:backtank_capacity": null,
  "jadeaddons.create:blaze_burner": null,
  "jadeaddons.create:contraption_inv": null,
  "jadeaddons.create:crafting_blueprint": null,
  "jadeaddons.create:exact_block": null,
  "jadeaddons.create:filter": null,
  "jadeaddons.create:goggles": null,
  "jadeaddons.create:hide_boiler_tanks": null,
  "jadeaddons.create:package": null,
  "jadeaddons.create:placard": null,
  "jadeaddons.create:table_cloth": null,
  "jadeaddons.lootr:info": null,
  "jadeaddons.lootr:inventory": null,
  "jadeaddons.tconstruct:casting_table": null,
  "jadeaddons.tconstruct:duct_fluid": null,
  "jadeaddons.tconstruct:duct_item": null,
  "lootr:info": null,
  "lootr:inventory": null,
  "minecraft:animal_owner": null,
  "minecraft:armor_stand": null,
  "minecraft:beehive": null,
  "minecraft:block_display": null,
  "minecraft:block_states": null,
  "minecraft:brewing_stand": null,
  "minecraft:campfire": null,
  "minecraft:chicken_egg": null,
  "minecraft:chiseled_bookshelf": null,
  "minecraft:command_block": null,
  "minecraft:crop_progress": null,
  "minecraft:enchantment_power": null,
  "minecraft:energy_storage": null,
  "minecraft:entity_armor": null,
  "minecraft:entity_health": null,
  "minecraft:falling_block": null,
  "minecraft:fluid_storage": null,
  "minecraft:furnace": null,
  "minecraft:harvest_tool": null,
  "minecraft:horse_stats": null,
  "minecraft:item_ber": null,
  "minecraft:item_display": null,
  "minecraft:item_frame": null,
  "minecraft:item_storage": null,
  "minecraft:item_tooltip": null,
  "minecraft:jukebox": null,
  "minecraft:lectern": null,
  "minecraft:mob_breeding": null,
  "minecraft:mob_growth": null,
  "minecraft:mob_spawner": null,
  "minecraft:note_block": null,
  "minecraft:painting": null,
  "minecraft:player_head": null,
  "minecraft:potion_effects": null,
  "minecraft:progress": null,
  "minecraft:redstone": null,
  "minecraft:tnt_stability": null,
  "minecraft:total_enchantment_power": null,
  "minecraft:villager_profession": null,
  "minecraft:waxed": null,
  "minecraft:zombie_villager": null,
  "player_companions:player_companion_collector_entity_provider": null,
  "player_companions:player_companion_entity_provider": null,
  "player_companions:player_companion_guard_entity_provider": null,
  "productivebees:canvas_beehive": null,
  "productivebees:jar": null,
  "productivebees:productive_bee": null,
  "productivebees:solitary_nest": null,
  "splendid_slimes:splendid_slime": null,
  "supplementaries:hat_stand": null,
  "supplementaries:present": null,
  "supplementaries:safe": null,
  "tfc:animal": null,
  "tfc:axle": null,
  "tfc:barrel": null,
  "tfc:bellows": null,
  "tfc:blast_furnace": null,
  "tfc:bloom": null,
  "tfc:bloomery": null,
  "tfc:candle": null,
  "tfc:candle_cake": null,
  "tfc:charcoal_forge": null,
  "tfc:chested_horse": null,
  "tfc:clutch": null,
  "tfc:composter": null,
  "tfc:crankshaft": null,
  "tfc:crop": null,
  "tfc:crucible": null,
  "tfc:decaying": null,
  "tfc:encased_axle": null,
  "tfc:firepit": null,
  "tfc:fish": null,
  "tfc:fishing_hook": null,
  "tfc:frog": null,
  "tfc:fruit_tree_sapling": null,
  "tfc:gearbox": null,
  "tfc:hand_wheel": null,
  "tfc:hoe_overlay": null,
  "tfc:horse": null,
  "tfc:hot_poured_glass": null,
  "tfc:ingot_pile": null,
  "tfc:jack_o_lantern": null,
  "tfc:lamp": null,
  "tfc:loom": null,
  "tfc:mud_bricks": null,
  "tfc:nest_box": null,
  "tfc:ocelot": null,
  "tfc:pack_predator": null,
  "tfc:pit_kiln_above": null,
  "tfc:pit_kiln_internal": null,
  "tfc:powder_keg": null,
  "tfc:predator": null,
  "tfc:quern": null,
  "tfc:rabbit": null,
  "tfc:sapling": null,
  "tfc:sheet_pile": null,
  "tfc:squid": null,
  "tfc:torch": null,
  "tfc:wall_torch": null,
  "tfc:water_wheel": null,
  "tfc:wild_animal": null,
  "tfc:windmill": null,
  "tombstone:decorative_graves": null,
  "tombstone:graves": null,
  "tombstone:player_graves": null,
  "waystones:waystone": null,
  "workshop_for_handsome_adventurer:jade_plugin1": null,
  "workshop_for_handsome_adventurer:jade_plugin2": null,
  "workshop_for_handsome_adventurer:jade_plugin3": null
}