{
  "type": "minecraft:chest",
  "pools": [
    {
      "rolls": {
        "min": 1.0,
        "max": 3.0,
        "type": "minecraft:uniform"
      },
      "entries": [
        {
          "type": "minecraft:item",
          "weight": 5,
          "name": "minecraft:iron_axe"
        },
        {
          "type": "minecraft:item",
          "weight": 2,
          "functions": [
            {
              "function": "minecraft:enchant_with_levels",
              "levels": 10,
              "treasure": true
            }
          ],
          "name": "minecraft:iron_axe"
        },
        {
          "type": "minecraft:item",
          "weight": 5,
          "name": "minecraft:iron_sword"
        },
        {
          "type": "minecraft:item",
          "weight": 1,
          "functions": [
            {
              "function": "minecraft:enchant_with_levels",
              "levels": 20,
              "treasure": true
            }
          ],
          "name": "minecraft:iron_sword"
        },
        {
          "type": "minecraft:item",
          "weight": 5,
          "name": "minecraft:leather_helmet"
        },
        {
          "type": "minecraft:item",
          "weight": 5,
          "name": "minecraft:leather_chestplate"
        },
        {
          "type": "minecraft:item",
          "weight": 5,
          "name": "minecraft:leather_leggings"
        },
        {
          "type": "minecraft:item",
          "weight": 5,
          "name": "minecraft:leather_boots"
        },
        {
          "type": "minecraft:item",
          "weight": 3,
          "name": "minecraft:apple"
        },
        {
          "type": "minecraft:item",
          "weight": 3,
          "name": "minecraft:bread"
        },
        {
          "type": "minecraft:item",
          "weight": 3,
          "name": "minecraft:baked_potato"
        },
        {
          "type": "minecraft:item",
          "weight": 3,
          "name": "minecraft:mushroom_stew"
        },
        {
          "type": "minecraft:item",
          "weight": 5,
          "name": "minecraft:iron_helmet"
        },
        {
          "type": "minecraft:item",
          "weight": 1,
          "functions": [
            {
              "function": "minecraft:enchant_with_levels",
              "levels": 20,
              "treasure": true
            }
          ],
          "name": "minecraft:iron_helmet"
        },
        {
          "type": "minecraft:item",
          "weight": 5,
          "name": "minecraft:iron_chestplate"
        },
        {
          "type": "minecraft:item",
          "weight": 1,
          "functions": [
            {
              "function": "minecraft:enchant_with_levels",
              "levels": 20,
              "treasure": true
            }
          ],
          "name": "minecraft:iron_chestplate"
        },
        {
          "type": "minecraft:item",
          "weight": 5,
          "name": "minecraft:iron_leggings"
        },
        {
          "type": "minecraft:item",
          "weight": 1,
          "functions": [
            {
              "function": "minecraft:enchant_with_levels",
              "levels": 20,
              "treasure": true
            }
          ],
          "name": "minecraft:iron_leggings"
        },
        {
          "type": "minecraft:item",
          "weight": 5,
          "name": "minecraft:iron_boots"
        },
        {
          "type": "minecraft:item",
          "weight": 1,
          "functions": [
            {
              "function": "minecraft:enchant_with_levels",
              "levels": 20,
              "treasure": true
            }
          ],
          "name": "minecraft:iron_boots"
        },
        {
          "type": "minecraft:item",
          "weight": 6,
          "name": "minecraft:shield"
        },
        {
          "type": "minecraft:item",
          "weight": 7,
          "functions": [
            {
              "function": "minecraft:set_count",
              "count": {
                "min": 2.0,
                "max": 7.0,
                "type": "minecraft:uniform"
              }
            }
          ],
          "name": "minecraft:cookie"
        },
        {
          "type": "minecraft:item",
          "weight": 7,
          "functions": [
            {
              "function": "minecraft:set_count",
              "count": {
                "min": 2.0,
                "max": 7.0,
                "type": "minecraft:uniform"
              }
            }
          ],
          "name": "minecraft:charcoal"
        }
      ]
    }
  ]
}