{
  "type": "minecraft:chest",
  "pools": [
    {
      "bonus_rolls": 0.0,
      "entries": [
        {
          "type": "minecraft:item",
          "name": "artifacts:cowboy_hat"
        },
        {
          "type": "minecraft:item",
          "name": "artifacts:obsidian_skull"
        },
        {
          "type": "minecraft:item",
          "name": "artifacts:snorkel"
        },
        {
          "type": "minecraft:item",
          "name": "artifacts:kitty_slippers"
        },
        {
          "type": "minecraft:item",
          "name": "artifacts:night_vision_goggles"
        },
        {
          "type": "minecraft:item",
          "name": "artifacts:shock_pendant"
        }
      ],
      "rolls": 1.0
    }
  ],
  "random_sequence": "artifacts:inject/archaeology/desert_pyramid"
}