{
  "type": "minecraft:chest",
  "pools": [
    {
      "bonus_rolls": 0.0,
      "entries": [
        {
          "type": "minecraft:item",
          "name": "artifacts:fire_gauntlet"
        },
        {
          "type": "minecraft:item",
          "name": "artifacts:anglers_hat"
        },
        {
          "type": "minecraft:item",
          "name": "artifacts:digging_claws"
        },
        {
          "type": "minecraft:item",
          "name": "artifacts:antidote_vessel"
        }
      ],
      "rolls": 1.0
    }
  ],
  "random_sequence": "artifacts:inject/archaeology/ocean_ruin_cold"
}