{
  "type": "minecraft:geode",
  "config": {
    "blocks": {
      "filling_provider": {
        "type": "minecraft:simple_state_provider",
        "state": {
          "Name": "minecraft:blackstone"
        }
      },
      "inner_layer_provider": {
        "type": "minecraft:simple_state_provider",
        "state": {
          "Name": "minecraft:netherrack"
        }
      },
      "alternate_inner_layer_provider": {
        "type": "minecraft:weighted_state_provider",
        "entries": [
          {
            "weight": 2,
            "data": {
              "Name": "minecraft:ancient_debris"
            }
          },
          {
            "weight": 10,
            "data": {
              "Name": "minecraft:nether_quartz_ore"
            }
          },
          {
            "weight": 12,
            "data": {
              "Name": "minecraft:nether_gold_ore"
            }
          }
        ]
      },
      "middle_layer_provider": {
        "type": "minecraft:simple_state_provider",
        "state": {
          "Name": "minecraft:netherrack"
        }
      },
      "outer_layer_provider": {
        "type": "minecraft:simple_state_provider",
        "state": {
          "Name": "minecraft:blackstone"
        }
      },
      "inner_placements": [
        {
          "Name": "minecraft:gilded_blackstone",
          "Properties": {
            "facing": "up",
            "waterlogged": "false"
          }
        }
      ],
      "cannot_replace": "#minecraft:features_cannot_replace",
      "invalid_blocks": "#minecraft:geode_invalid_blocks"
    },
    "layers": {
      "filling": 1.0,
      "inner_layer": 4.0,
      "middle_layer": 5.0,
      "outer_layer": 7.0
    },
    "crack": {
      "generate_crack_chance": 0.2,
      "base_crack_size": 2,
      "crack_point_offset": 2
    },
    "noise_multiplier": 0.05,
    "use_potential_placements_chance": 0.35,
    "use_alternate_layer0_chance": 0.2,
    "placements_require_layer0_alternate": true,
    "outer_wall_distance": {
      "type": "minecraft:uniform",
      "value": {
        "min_inclusive": 4,
        "max_inclusive": 6
      }
    },
    "distribution_points": {
      "type": "minecraft:uniform",
      "value": {
        "min_inclusive": 3,
        "max_inclusive": 4
      }
    },
    "point_offset": {
      "type": "minecraft:uniform",
      "value": {
        "min_inclusive": 1,
        "max_inclusive": 2
      }
    },
    "min_gen_offset": -16,
    "max_gen_offset": 16,
    "invalid_blocks_threshold": 1
  }
}
