{
  "type": "minecraft:random_patch",
  "config": {
    "feature": {
      "feature": {
        "type": "minecraft:simple_block",
        "config": {
          "to_place": {
            "type": "minecraft:weighted_state_provider",
            "entries": [
              {
                "data": {
                  "Name": "regions_unexplored:tall_blue_bioshroom",
                  "Properties": {
                    "half": "lower"
                  }
                },
                "weight": 1
              },
              {
                "data": {
                  "Name": "regions_unexplored:blue_bioshroom",
                  "Properties": {
                    "stage": "0"
                  }
                },
                "weight": 2
              }
            ]
          }
        }
      },
      "placement": [
        {
          "type": "minecraft:block_predicate_filter",
          "predicate": {
            "type": "minecraft:matching_blocks",
            "blocks": "minecraft:air"
          }
        }
      ]
    },
    "tries": 1,
    "xz_spread": 1,
    "y_spread": 1
  }
}