{
  "cut": {
    "reward": {
      "amount": "2-23",
      "item": "diamond"
    },
    "weight": 1.0,
    "missions": {
      "#create:ladders": "300-1500",
      "#create:bars": "200-1000",
      "#create:scaffoldings": "200-4000"
    },
    "titles": [
      "Cutting edge technology",
      "Pochita",
      "Chainsaw man",
      "Risky endeavour",
      "Safety first",
      "Precision incision",
      "Cuts like a knife",
      "Blade runner",
      "Slice of life"
    ]
  },
  "compact": {
    "reward": {
      "amount": "2-23",
      "item": "diamond"
    },
    "weight": 1.0,
    "missions": {
      "iron_block": "100-600",
      "iron_ingot": "1000-3000",
      "gold_block": "100-600",
      "gold_ingot": "1000-3000",
      "create:zinc_block": "100-600",
      "create:zinc_ingot": "100-600",
      "redstone_block": "100-600",
      "emerald_block": "100-600",
      "lapis_block": "100-600",
      "diamond_block": "100-600",
      "netherite_block": "100-600",
      "create:andesite_alloy_block": "100-600",
      "create:experience_block": "100-600",
      "create:industrial_iron_block": "100-600",
      "polished_blackstone": "500-1500",
      "blue_ice": "300-800",
      "packed_ice": "500-1200"
    },
    "titles": [
      "Dense topic",
      "Industrial diamonds",
      "Pack n' go",
      "Wall-e works",
      "Compact and conquer",
      "Miniature marvels",
      "Compact craftsmanship",
      "Size doesn't matter",
      "Small-scale success",
      "Mission miniaturized",
      "Pocket-sized pursuit",
      "Downsizing dilemma"
    ]
  },
  "break": {
    "reward": {
      "amount": "2-23",
      "item": "diamond"
    },
    "weight": 1.0,
    "missions": {
      "andesite": "500-3000",
      "create:ochrum": "500-2000",
      "calcite": "500-1500",
      "create:asurine": "500-2000",
      "create:scoria": "500-2000",
      "create:scorchia": "500-2000",
      "create:veridium": "500-2000",
      "create:crimsite": "500-2000",
      "blackstone": "1000-3000",
      "netherrack": "2000-5000",
      "dirt": "1000-3000",
      "tuff": "1000-3000",
      "create:limestone": "500-2000"
    },
    "titles": [
      "Block buster",
      "Demolition derby",
      "Minecrafty mayhem",
      "Terrain takedown",
      "Debris dozer",
      "A good project's starters",
      "Smash and Grab",
      "Hammer Time"
    ]
  },
  "craft": {
    "reward": {
      "amount": "2-23",
      "item": "diamond"
    },
    "weight": 1.0,
    "missions": {
      "create:crushing_wheel": "10-100",
      "stick": "500-1500",
      "create:gearbox": "300-1000",
      "create:shaft": "1000-5000",
      "create:gearshift": "100-500",
      "create:mechanical_arm": "30-50",
      "create:brass_funnel": "50-150",
      "create:large_water_wheel": "20-50",
      "paper": "200-500",
      "create:item_vault": "100-400"
    },
    "titles": [
      "Masterful manufacture",
      "Blueprint builder",
      "Creation crusade",
      "Widget wizard",
      "Artisanal assembly",
      "Crafting chronicles",
      "Crafting chaos",
      "Crafting crusaders",
      "Craftsmanship challenge"
    ]
  },
  "kill": {
    "reward": {
      "amount": "2-23",
      "item": "diamond"
    },
    "weight": 1.0,
    "missions": {
      "wither_skeleton": "50-150",
      "zombie": "100-300",
      "cave_spider": "50-100",
      "skeleton": "100-250",
      "ender_dragon": "1-2",
      "hoglin": "15-40",
      "creeper": "70-120",
      "ghast": "20-50",
      "stray": "70-170",
      "wither": "1-3",
      "blaze": "50-100",
      "enderman": "50-100",
      "#minecraft:animals": "30-80"
    },
    "titles": [
      "Plague extermination",
      "Make doomsday happen",
      "Creature massacre",
      "Beast busting",
      "Slaying ride",
      "Monsters, Inc."
    ]
  },
  "ride": {
    "reward": {
      "amount": "2-23",
      "item": "diamond"
    },
    "weight": 1.0,
    "missions": {
      "missions:statistic": "3-10"
    },
    "titles": [
      "Rodeo",
      "Old town road",
      "Tireless odyssey",
      "Good ol' days",
      "Beast rider's challenge",
      "Animal adventure",
      "How much Horsepower does it have?",
      "Riding on sunshine",
      "Saddle safari",
      "Piggyback pilgrimage",
      "Steed of speed"
    ]
  },
  "sail": {
    "reward": {
      "amount": "2-23",
      "item": "diamond"
    },
    "weight": 1.0,
    "missions": {
      "missions:statistic": "3-10"
    },
    "titles": [
      "Sea of pirates",
      "Sailing the seas",
      "Seeking treasures",
      "Nautical adventure",
      "Sail the Seven Seas",
      "Journey to the Deep Blue",
      "Pirate's Cruise"
    ]
  },
  "fly": {
    "reward": {
      "amount": "2-23",
      "item": "diamond"
    },
    "weight": 1.0,
    "missions": {
      "missions:statistic": "7-30"
    },
    "titles": [
      "Cloud skipping",
      "Breeze lover",
      "Free Bird",
      "Wings of Freedom",
      "Up, Up, and Away",
      "To infinity and beyond",
      "Eagle Eye",
      "Ascension"
    ]
  },
  "crush": {
    "reward": {
      "amount": "2-23",
      "item": "diamond"
    },
    "weight": 1.0,
    "missions": {
      "#create:crushed_raw_materials": "150-300",
      "quartz": "200-500",
      "create:experience_nugget": "300-1000",
      "string": "200-500",
      "create:powdered_obsidian": "300-1500",
      "gravel": "500-3000",
      "red_sand": "200-800"
    },
    "titles": [
      "Superlative milling",
      "Worse than stepping on lego",
      "Ore obliteration",
      "Crush and conquer",
      "Stone smasher",
      "The gravel grind"
    ]
  },
  "fish": {
    "reward": {
      "amount": "2-23",
      "item": "diamond"
    },
    "weight": 1.0,
    "missions": {
      "minecraft:cod": "20-50",
      "salmon": "15-40",
      "tropical_fish": "10-20",
      "pufferfish": "15-35",
      "lily_pad": "3-8",
      "leather_boots": "2-4",
      "bowl": "3-6"
    },
    "titles": [
      "Fisherman",
      "Lucky retrieving",
      "Reel in the fun",
      "Fisherman's fortune",
      "Fishing frenzy",
      "Tales of the tackle",
      "Splashing success"
    ]
  },
  "eat": {
    "reward": {
      "amount": "2-23",
      "item": "diamond"
    },
    "weight": 1.0,
    "missions": {
      "create:chocolate_glazed_berries": "100-300",
      "create:honeyed_apple": "100-300",
      "create:sweet_roll": "100-300",
      "create:bar_of_chocolate": "150-400",
      "cooked_beef": "80-250",
      "golden_carrot": "150-360"
    },
    "titles": [
      "Chomp chomp",
      "Gobble gobble",
      "Epicurean expedition",
      "Feast of frenzy",
      "Culinary conqueror",
      "Stuffed to the brim",
      "Minecraft munchies",
      "Satisfying the stomach",
      "Foodie's Delight",
      "don't forget the diet soda"
    ]
  },
  "place": {
    "reward": {
      "amount": "2-23",
      "item": "diamond"
    },
    "weight": 1.0,
    "missions": {
      "#c:glass_blocks": "20-100",
      "create:track_signal": "20-50",
      "#minecraft:dirt": "100-300",
      "fern": "50-100",
      "grass": "50-100",
      "#c:flowers": "5-20"
    },
    "titles": [
      "Master builder",
      "Finest detailing",
      "Last touchups",
      "Laying the foundations",
      "Setting the stage",
      "Arrangement adventure",
      "Places to place"
    ]
  },
  "press": {
    "reward": {
      "amount": "2-23",
      "item": "diamond"
    },
    "weight": 1.0,
    "missions": {
      "#c:plates": "100-600",
      "create:track": "300-600"
    },
    "titles": [
      "Bonk",
      "Factory noise",
      "Basic machinery",
      "Pressing predicament",
      "The power of compression",
      "Under pressure",
      "Press it to impress"
    ]
  },
  "mix": {
    "reward": {
      "amount": "2-23",
      "item": "diamond"
    },
    "weight": 1.0,
    "missions": {
      "create:brass_ingot": "400-2000",
      "create:andesite_alloy": "300-1500",
      "create:dough": "300-600",
      "mud": "300-600"
    },
    "titles": [
      "Stressful mix",
      "Solid brewery",
      "Wizard crafting",
      "Brewing and stewing",
      "Minecraft Mix Master",
      "Cauldron chaos",
      "Bubbling background noise",
      "Blend and mend"
    ]
  },
  "walk": {
    "reward": {
      "amount": "2-23",
      "item": "diamond"
    },
    "weight": 1.0,
    "missions": {
      "missions:statistic": "5-20"
    },
    "titles": [
      "Marathon",
      "Farlands enjoyer",
      "Warden bothering",
      "Walking simulator",
      "They call me the wanderer",
      "Pathfinder's pursuit",
      "Wanderlust quest",
      "The Walking Challenge",
      "The walking dead"
    ]
  },
  "train-driver": {
    "reward": {
      "amount": "2-23",
      "item": "diamond"
    },
    "weight": 1.0,
    "missions": {
      "missions:distance": "3-10"
    },
    "titles": [
      "Training",
      "Rails of fortune",
      "Locomotion commotion",
      "Rails rally",
      "Engineer's excellence",
      "Train troubles"
    ]
  },
  "train-passenger": {
    "reward": {
      "amount": "2-23",
      "item": "diamond"
    },
    "weight": 1.0,
    "missions": {
      "missions:distance": "3-10"
    },
    "titles": [
      "All aboard!",
      "Trust the driver",
      "Passenger's paradise",
      "Ticket to adventure",
      "Traveler's tale",
      "Relaxing ride",
      "Passenger's perspective",
      "Don't tell me how to drive!",
      "Secondary character"
    ]
  },
  "train-driver-passenger": {
    "reward": {
      "amount": "2-23",
      "item": "diamond"
    },
    "weight": 1.0,
    "missions": {
      "missions:distance": "3-10"
    },
    "requirements": {
      "missions:passengers": "2"
    },
    "titles": [
      "Flesh cargo",
      "Passive companionship",
      "Symbiosis",
      "Onboard teamwork",
      "Copilot",
      "Driver's Assistant to the R. Manager",
      "Train partnership"
    ]
  },
  "dive": {
    "reward": {
      "amount": "2-23",
      "item": "diamond"
    },
    "weight": 1.0,
    "missions": {
      "lava": "10-80",
      "water": "30-120"
    },
    "titles": [
      "Depths",
      "Deep discovery",
      "Exploring the abyss",
      "Treasures of the deep"
    ]
  },
  "drill": {
    "reward": {
      "amount": "2-23",
      "item": "diamond"
    },
    "weight": 1.0,
    "missions": {
      "stone": "1000-3000",
      "andesite": "500-3000",
      "create:ochrum": "500-2000",
      "calcite": "500-1500",
      "create:asurine": "500-2000",
      "create:scoria": "500-2000",
      "create:scorchia": "500-2000",
      "create:veridium": "500-2000",
      "create:crimsite": "500-2000",
      "blackstone": "1000-3000",
      "netherrack": "2000-5000",
      "dirt": "1000-3000",
      "tuff": "1000-3000",
      "create:limestone": "500-2000"
    },
    "titles": [
      "Never-ending breaking",
      "Hand me the Contraption-4",
      "Bore and explore",
      "Archeology speedrun"
    ]
  },
  "saw": {
    "reward": {
      "amount": "2-23",
      "item": "diamond"
    },
    "weight": 1.0,
    "missions": {
      "#c:logs": "400-2000",
      "#c:leaves": "500-1000",
      "bamboo": "500-2000"
    },
    "titles": [
      "Scary business",
      "Go back to your roots",
      "Sawdust and glory"
    ]
  },
  "harvester": {
    "reward": {
      "amount": "2-23",
      "item": "diamond"
    },
    "weight": 1.0,
    "missions": {
      "#c:crops": "300-800"
    },
    "titles": [
      "Becoming sufficient",
      "Hunger demands",
      "Stardew quirks"
    ]
  },
  "drink": {
    "reward": {
      "amount": "2-23",
      "item": "diamond"
    },
    "weight": 1.0,
    "missions": {
      "#c:drinks": "30-100"
    },
    "titles": [
      "Sköl",
      "Refreshing moment"
    ]
  },
  "relocate": {
    "reward": {
      "amount": "2-23",
      "item": "diamond"
    },
    "weight": 1.0,
    "missions": {
      "missions:distance": "170-350"
    },
    "titles": [
      "I'd walk 500 miles",
      "Towing towers"
    ]
  },
  "feed": {
    "reward": {
      "amount": "2-23",
      "item": "diamond"
    },
    "weight": 1.0,
    "missions": {
      "wheat": "1-3"
    },
    "titles": [
      "Sharing is caring",
      "Feeding the masses",
      "Feeder but in a good way"
    ]
  },
  "belt-walk": {
    "reward": {
      "amount": "2-23",
      "item": "diamond"
    },
    "weight": 1.0,
    "missions": {
      "missions:distance": "500-1000"
    },
    "titles": [
      "Luggage companionship"
    ]
  }
}
