{
  "wants" : [
    {
      "id": "the_bumblezone:royal_jelly_bucket",
      "required": true
    },
    {
      "id": "the_bumblezone:royal_jelly_block",
      "required": true
    }
  ],
  "possible_rewards": [
    {
      "id": "minecraft:enchanted_golden_apple",
      "count": 1,
      "xp_reward": 50,
      "weight": 140,
      "required": true
    },
    {
      "id": "minecraft:heart_of_the_sea",
      "count": 4,
      "xp_reward": 50,
      "weight": 120,
      "required": true
    },
    {
      "id": "minecraft:totem_of_undying",
      "count": 2,
      "xp_reward": 50,
      "weight": 120,
      "required": true
    },
    {
      "id": "minecraft:end_crystal",
      "count": 24,
      "xp_reward": 50,
      "weight": 100,
      "required": true
    },
    {
      "id": "minecraft:golden_apple",
      "count": 9,
      "xp_reward": 50,
      "weight": 80,
      "required": true
    },
    {
      "id": "minecraft:nether_star",
      "count": 1,
      "xp_reward": 50,
      "weight": 80,
      "required": true
    },
    {
      "id": "minecraft:dragon_head",
      "count": 2,
      "xp_reward": 50,
      "weight": 80,
      "required": true
    },
    {
      "id": "minecraft:dragon_breath",
      "count": 10,
      "xp_reward": 50,
      "weight": 80,
      "required": true
    },
    {
      "id": "minecraft:beacon",
      "count": 2,
      "xp_reward": 50,
      "weight": 60,
      "required": true
    },
    {
      "id": "minecraft:experience_bottle",
      "count": 32,
      "xp_reward": 50,
      "weight": 60,
      "required": true
    },
    {
      "id": "minecraft:dragon_egg",
      "count": 1,
      "xp_reward": 50,
      "weight": 1,
      "required": true
    },
	{	
"id":"tconstruct:ender_slime",
      "count": 1,
      "xp_reward": 30,
      "weight": 120,
      "required": true
    },
	{
"id":"tconstruct:manyullyn_block",
      "count": 1,
      "xp_reward": 50,
      "weight": 40,
      "required": true
    },
	{
"id":"tconstruct:cinderslime_block",
      "count": 1,
      "xp_reward": 50,
      "weight": 80,
      "required": true
    },
	{
"id":"tconstruct:slimesteel_block",
      "count": 1,
      "xp_reward": 50,
      "weight": 80,
      "required": true
    },
	{
"id":"gag:sacred_salve",
      "count": 1,
      "xp_reward": 50,
      "weight": 40,
      "required": true
    },
	{
"id":"simplehats:hatbag_rare",
      "count": 1,
      "xp_reward": 50,
      "weight": 40,
      "required": true
    },
	{
"id":"tconstruct:ender_congealed_slime",
      "count": 1,
      "xp_reward": 50,
      "weight": 80,
      "required": true
    },
	{
"id":"aquaculture:neptunium_ingot",
      "count": 1,
      "xp_reward": 50,
      "weight": 100,
      "required": true
    },
	{
"id":"collectorsalbum:epic_card_pack",
      "count": 1,
      "xp_reward": 50,
      "weight": 8,
      "required": true
    },
	{
"id":"collectorsalbum:mythical_card_pack",
      "count": 1,
      "xp_reward": 50,
      "weight": 1,
      "required": true
    },
	{
"id":"collectorsalbum:legendary_card_pack",
      "count": 1,
      "xp_reward": 50,
      "weight": 10,
      "required": true
    },
	{
"id":"simplehats:hatbag_epic",
      "count": 1,
      "xp_reward": 50,
      "weight": 30,
      "required": true
    }
  ]
}