{
  "wants" : [
    {
      "id": "the_bumblezone:royal_jelly_bottle",
      "required": true
    }
  ],
  "possible_rewards": [
    {
      "id": "minecraft:golden_apple",
      "count": 2,
      "xp_reward": 10,
      "weight": 10,
      "required": true
    },
    {
      "id": "minecraft:experience_bottle",
      "count": 6,
      "xp_reward": 10,
      "weight": 10,
      "required": true
    },
    {
      "id": "minecraft:glow_ink_sac",
      "count": 10,
      "xp_reward": 10,
      "weight": 10,
      "required": true
    },
    {
      "id": "minecraft:turtle_egg",
      "count": 4,
      "xp_reward": 10,
      "weight": 10,
      "required": true
    },
    {
      "id": "minecraft:sculk_catalyst",
      "count": 10,
      "xp_reward": 10,
      "weight": 10,
      "required": true
    },
    {
      "id": "minecraft:name_tag",
      "count": 8,
      "xp_reward": 10,
      "weight": 10,
      "required": true
    },
    {
      "id": "minecraft:ender_chest",
      "count": 1,
      "xp_reward": 10,
      "weight": 7,
      "required": true
    },
    {
      "id": "minecraft:heart_of_the_sea",
      "count": 1,
      "xp_reward": 10,
      "weight": 5,
      "required": true
    },
    {
      "id": "minecraft:totem_of_undying",
      "count": 1,
      "xp_reward": 10,
      "weight": 5,
      "required": true
    },
    {
      "id": "minecraft:end_crystal",
      "count": 1,
      "xp_reward": 10,
      "weight": 5,
      "required": true
    },
    {
      "id": "minecraft:wither_rose",
      "count": 2,
      "xp_reward": 10,
      "weight": 5,
      "required": true
    },
    {
      "id": "minecraft:dragon_breath",
      "count": 2,
      "xp_reward": 10,
      "weight": 5,
      "required": true
    },
    {
      "id": "minecraft:enchanted_golden_apple",
      "count": 1,
      "xp_reward": 10,
      "weight": 5,
      "required": true
    },
    {
      "id": "minecraft:beacon",
      "count": 1,
      "xp_reward": 10,
      "weight": 3,
      "required": true
    },
    {
      "id": "minecraft:dragon_head",
      "count": 1,
      "xp_reward": 10,
      "weight": 3,
      "required": true
    },
    {
      "id": "minecraft:budding_amethyst",
      "count": 2,
      "xp_reward": 10,
      "weight": 2,
      "required": true
    },
    {
      "id": "minecraft:nether_star",
      "count": 1,
      "xp_reward": 10,
      "weight": 1,
      "required": true
    },
    {
"id": "spelunkery:rough_diamond",
      "count": 1,
      "xp_reward": 10,
      "weight": 7,
      "required": true
    },	
    {	
"id": "productivebees:sugarbag_honeycomb",
      "count": 1,
      "xp_reward": 30,
      "weight": 8,
      "required": true
    },
    {	
"id": "aquaculture:diamond_hook",
      "count": 1,
      "xp_reward": 50,
      "weight": 8,
      "required": true
    },
    {	
"id": "simplehats:hatbag_uncommon",
      "count": 1,
      "xp_reward": 50,
      "weight": 10,
      "required": true
    },	
    {	
"id": "simplehats:hatbag_common",
      "count": 1,
      "xp_reward": 50,
      "weight": 10,
      "required": true
    },	
    {	
"id": "gag:sacred_salt",
      "count": 1,
      "xp_reward": 50,
      "weight": 7,
      "required": true
    },	
    {	
"id": "collectorsalbum:rare_card_pack",
      "count": 1,
      "xp_reward": 50,
      "weight": 5,
      "required": true
    },	
    {	
"id": "collectorsalbum:uncommon_card_pack",
      "count": 1,
      "xp_reward": 50,
      "weight": 10,
      "required": true
    },	
    {	
"id": "collectorsalbum:common_card_pack",
      "count": 1,
      "xp_reward": 50,
      "weight": 10,
      "required": true
    },	
    {	
"id": "tconstruct:manyullyn_ingot",
      "count": 1,
      "xp_reward": 50,
      "weight": 3,
      "required": true
    },	
    {	
"id": "tconstruct:cobalt_ingot",
      "count": 1,
      "xp_reward": 50,
      "weight": 5,
      "required": true
    },	
    {	
"id": "tconstruct:hepatizon_ingot",
      "count": 1,
      "xp_reward": 50,
      "weight": 3,
      "required": true
    },	
    {	
"id": "tconstruct:jeweled_apple",
      "count": 1,
      "xp_reward": 50,
      "weight": 5,
      "required": true
    },	
    {	
"id": "skilltree:fisherman_necklace",
      "count": 1,
      "xp_reward": 50,
      "weight": 7,
      "required": true
    },	
    {	
"id": "skilltree:amnesia_scroll",
      "count": 1,
      "xp_reward": 50,
      "weight": 6,
      "required": true
    },	
    {	
"id": "create:experience_nugget",
      "count": 10,
      "xp_reward": 10,
      "weight": 10,
      "required": true
    },
    {	
"id": "tconstruct:ichor_slime_crystal",
      "count": 1,
      "xp_reward": 50,
      "weight": 4,
      "required": true
    },	
	{	
"id": "tconstruct:ichor_slime_ball",
      "count": 1,
      "xp_reward": 50,
      "weight": 5,
      "required": true
    },	
    {	
"id": "tconstruct:ender_slime_ball",
      "count": 1,
      "xp_reward": 20,
      "weight": 6,
      "required": true
    },	
	{	
"id": "tconstruct:ender_slime_crystal",
      "count": 1,
      "xp_reward": 50,
      "weight": 6,
      "required": true
    },
    {	
"id": "tconstruct:sky_slime_ball",
      "count": 3,
      "xp_reward": 10,
      "weight": 15,
      "required": true
    },	
	{	
"id": "tconstruct:earth_slime_crystal",
      "count": 2,
      "xp_reward": 10,
      "weight": 10,
      "required": true
    },	
    {	
"id": "tconstruct:sky_slime_crystal",
      "count": 4,
      "xp_reward": 10,
      "weight": 10,
      "required": true
    },	
	{	
"id": "tombstone:essence_of_undeath",
      "count": 5,
      "xp_reward": 50,
      "weight": 8,
      "required": true
    }	
  ]
}