{
  "wants": [
    {
      "id": "minecraft:honey_bottle",
      "required": true
    },
    {
      "id": "the_bumblezone:filled_porous_honeycomb_block",
      "required": true
    },
    {
      "id": "the_bumblezone:bee_bread",
      "required": true
    },
    {
      "id": "#minecraft:small_flowers",
      "required": true
    },
    {
      "id": "minecraft:flowering_azalea_leaves",
      "required": true
    },
    {
      "id": "minecraft:cherry_leaves",
      "required": true
    },
    {
      "id": "minecraft:amethyst_shard",
      "required": true
    },
    {
      "id": "#c:honey_bottle",
      "required": false
    },
    {
      "id": "#c:storage_blocks/wax",
      "required": false
    },
    {
      "id": "#forge:honey_bottle",
      "required": false
    },
    {
      "id": "#forge:storage_blocks/wax",
      "required": false
    },
    {
      "id": "#resourcefulbees:t1_nests",
      "required": false
    },
    {
      "id": "resourcefulbees:t2_apiary",
      "required": false
    },
    {
      "id": "resourcefulbees:honey_glass",
      "required": false
    },
    {
      "id": "resourcefulbees:honey_glass_player",
      "required": false
    },
    {
      "id": "buzzier_bees:honey_apple",
      "required": false
    },
    {
      "id": "buzzier_bees:honey_bread",
      "required": false
    },
    {
      "id": "buzzier_bees:honey_porkchop",
      "required": false
    },
    {
      "id": "buzzier_bees:crystallized_honey_block",
      "required": false
    },
    {
      "id": "delightful:honey_glazed_walnut",
      "required": false
    },
    {
      "id": "farmersdelight:honey_cookie",
      "required": false
    },
    {
      "id": "oceandelight:honey_fried_kelp",
      "required": false
    },
    {
      "id": "collectorsreap:strawberry_jam_bun",
      "required": false
    },
    {
      "id": "#forestry:combs",
      "required": false
    },
    {
      "id": "forestry:honeyed_slice",
      "required": false
    },
    {
      "id": "adorn:honeycomb_crate",
      "required": false
    },
    {
      "id": "adorn:hot_chocolate",
      "required": false
    },
    {
      "id": "adorn:sweet_berry_juice",
      "required": false
    },
    {
      "id": "adorn:glow_berry_juice",
      "required": false
    },
    {
      "id": "adorn:nether_wart_coffee",
      "required": false
    },
    {
      "id": "beachparty:honey_cocktail",
      "required": false
    },
    {
      "id": "expandeddelight:peanut_honey_soup",
      "required": false
    },
    {
      "id": "create:honeyed_apple",
      "required": false
    },
    {
      "id": "create:honey_candy",
      "required": false
    },
    {
      "id": "cyclic:apple_honey",
      "required": false
    },
    {
      "id": "duneons:waxblock",
      "required": false
    },
    {
      "id": "bk:bee_pollen",
      "required": false
    },
    {
      "id": "windswept:wild_berry_juice",
      "required": false
    },
    {
      "id": "windswept:wild_berry_bowl",
      "required": false
    },
    {
      "id": "windswept:sweet_berry_bowl",
      "required": false
    },
    {
      "id": "pamhc2foodextended:honeycombchocolatebaritem",
      "required": false
    },
    {
      "id": "spectrum:honey_pastry",
      "required": false
    },
    {
      "id": "valleycraft:syrupy_honeycomb",
      "required": false
    },
    {
      "id": "valleycraft:honeyed_apple",
      "required": false
    },
    {
      "id": "valleycraft:crystallized_honeydrop",
      "required": false
    },
    {
      "id": "valleycraft:honey_bottle_block",
      "required": false
    },
    {
      "id": "pamhc2foodcore:sweetberryjuiceitem",
      "required": false
    },
    {
      "id": "pamhc2foodcore:sweetberrysmoothieitem",
      "required": false
    },
    {
      "id": "pamhc2foodcore:sweetberryjellyitem",
      "required": false
    },
    {
      "id": "pamhc2foodcore:glowberryjuiceitem",
      "required": false
    },
    {
      "id": "pamhc2foodcore:glowberrysmoothieitem",
      "required": false
    },
    {
      "id": "pamhc2foodcore:glowberryjellyitem",
      "required": false
    },
    {
      "id": "tofucraft:soymilk_honey",
      "required": false
    },
    {
      "id": "tofucraft:soymilk_strawberry",
      "required": false
    },
    {
      "id": "feywild:magical_honey_cookie",
      "required": false
    }
  ],
  "possible_rewards": [
    {
      "id": "the_bumblezone:bee_stinger",
      "count": 3,
      "xp_reward": 2,
      "weight": 56,
      "required": true
    },
    {
      "id": "the_bumblezone:honey_crystal_shards",
      "count": 3,
      "xp_reward": 2,
      "weight": 38,
      "required": true
    },
    {
      "id": "the_bumblezone:pollen_puff",
      "count": 2,
      "xp_reward": 2,
      "weight": 31,
      "required": true
    },
    {
      "id": "the_bumblezone:beehive_beeswax",
      "count": 1,
      "xp_reward": 2,
      "weight": 17,
      "required": true
    },
    {
      "id": "the_bumblezone:honey_crystal",
      "count": 1,
      "xp_reward": 2,
      "weight": 17,
      "required": true
    },
    {
      "id": "minecraft:honey_bottle",
      "count": 1,
      "xp_reward": 2,
      "weight": 10,
      "required": true
    },
    {
      "id": "the_bumblezone:carvable_wax",
      "count": 2,
      "xp_reward": 2,
      "weight": 8,
      "required": true
    },
    {
      "id": "#minecraft:candles",
      "count": 2,
      "xp_reward": 2,
      "weight": 1,
      "required": true
    },
		{      "id": "tconstruct:sky_sky_slime_grass",      "count": 1,      "xp_reward": 1,      "weight": 10,      "required": true    },
	    {      "id": "create:blaze_cake",      "count": 1,      "xp_reward": 1,      "weight": 10,      "required": true    }, 
	    {      "id": "tconstruct:ender_slime_grass_seeds",      "count": 1,      "xp_reward": 1,      "weight": 10,      "required": true    }, 
	    {      "id": "tconstruct:rose_gold_nugget",      "count": 1,      "xp_reward": 1,      "weight": 10,      "required": true    }, 
	    {      "id": "tconstruct:ichor_cake",      "count": 1,      "xp_reward": 1,      "weight": 10,      "required": true    }, 
	    {      "id": "regions_unexplored:cobalt_sapling",      "count": 1,      "xp_reward": 1,      "weight": 10,      "required": true    }, 
	    {      "id": "regions_unexplored:alpha_rose",      "count": 1,      "xp_reward": 1,      "weight": 10,      "required": true    }, 
	    {      "id": "tconstruct:sky_slime_dirt",      "count": 1,      "xp_reward": 1,      "weight": 10,      "required": true    }, 
	    {      "id": "tconstruct:slimesteel_nugget",      "count": 1,      "xp_reward": 1,      "weight": 10,      "required": true    }, 
	    {      "id": "tconstruct:sky_vanilla_slime_grass",      "count": 1,      "xp_reward": 1,      "weight": 10,      "required": true    }, 
	    {      "id": "compactxpbottles:x4experiencebottle",      "count": 1,      "xp_reward": 1,      "weight": 10,      "required": true    }, 
	    {      "id": "tconstruct:sky_ender_slime_grass",      "count": 1,      "xp_reward": 1,      "weight": 10,      "required": true    }, 
	    {      "id": "tconstruct:amethyst_bronze_nugget",      "count": 1,      "xp_reward": 1,      "weight": 10,      "required": true    }, 
	    {      "id": "tconstruct:earth_vanilla_slime_grass",      "count": 1,      "xp_reward": 1,      "weight": 10,      "required": true    }, 
	    {      "id": "tconstruct:blood_slime_grass_seeds",      "count": 1,      "xp_reward": 1,      "weight": 10,      "required": true    }, 
	    {      "id": "regions_unexplored:alpha_dandelion",      "count": 1,      "xp_reward": 1,      "weight": 10,      "required": true    }, 
	    {      "id": "tconstruct:earth_ender_slime_grass",      "count": 1,      "xp_reward": 1,      "weight": 10,      "required": true    }
  ]
}