{
  "wants": [
    {
      "id": "minecraft:diamond",
      "required": true
    },
    {
      "id": "#minecraft:tall_flowers",
      "required": true
    },
    {
      "id": "minecraft:flowering_azalea",
      "required": true
    },
    {
      "id": "minecraft:spore_blossom",
      "required": true
    },
    {
      "id": "minecraft:redstone_block",
      "required": true
    },
    {
      "id": "#productivebees:expansion_boxes",
      "required": false
    },
    {
      "id": "#resourcefulbees:t2_nests",
      "required": false
    },
    {
      "id": "resourcefulbees:t3_apiary",
      "required": false
    },
    {
      "id": "resourcefulbees:flow_hive",
      "required": false
    },
    {
      "id": "resourcefulbees:oreo_cookie",
      "required": false
    },
    {
      "id": "dreamland:bumble_block",
      "required": false
    },
    {
      "id": "farmersdelight:honey_glazed_ham",
      "required": false
    },
    {
      "id": "farmersdelight:honey_glazed_ham_block",
      "required": false
    },
    {
      "id": "collectorsreap:honey_lime_chicken",
      "required": false
    },
    {
      "id": "collectorsreap:berry_limeade",
      "required": false
    },
    {
      "id": "delightful:ender_nectar",
      "required": false
    },
    {
      "id": "expandeddelight:peanut_butter_honey_sandwich",
      "required": false
    },
    {
      "id": "createaddition:honey_cake",
      "required": false
    },
    {
      "id": "forestry:honey_pot",
      "required": false
    },
    {
      "id": "pamhc2foodcore:honeypieitem",
      "required": false
    },
    {
      "id": "pamhc2foodcore:honeyglazeddonutitem",
      "required": false
    },
    {
      "id": "pamhc2foodextended:honeybunitem",
      "required": false
    },
    {
      "id": "bk:honey_extractor",
      "required": false
    },
    {
      "id": "valleycraft:honey_glazed_crepe",
      "required": false
    },
    {
      "id": "valleycraft:crystallized_honey_necklace",
      "required": false
    },
    {
      "id": "pamhc2foodcore:sweetberrytoastitem",
      "required": false
    },
    {
      "id": "pamhc2foodcore:sweetberrypieitem",
      "required": false
    },
    {
      "id": "pamhc2foodcore:glowberrytoastitem",
      "required": false
    },
    {
      "id": "pamhc2foodcore:glowberrypieitem",
      "required": false
    },
    {
      "id": "ecotones:blueberry_jam",
      "required": false
    }
  ],
  "possible_rewards": [
    {
      "id": "the_bumblezone:bee_stinger",
      "count": 8,
      "xp_reward": 3,
      "weight": 100,
      "required": true
    },
    {
      "id": "the_bumblezone:honey_crystal_shards",
      "count": 9,
      "xp_reward": 3,
      "weight": 100,
      "required": true
    },
    {
      "id": "the_bumblezone:bee_bread",
      "count": 6,
      "xp_reward": 3,
      "weight": 100,
      "required": true
    },
    {
      "id": "the_bumblezone:pollen_puff",
      "count": 12,
      "xp_reward": 3,
      "weight": 80,
      "required": true
    },
    {
      "id": "the_bumblezone:beehive_beeswax",
      "count": 10,
      "xp_reward": 3,
      "weight": 60,
      "required": true
    },
    {
      "id": "the_bumblezone:honey_crystal",
      "count": 5,
      "xp_reward": 3,
      "weight": 60,
      "required": true
    },
    {
      "id": "the_bumblezone:sticky_honey_residue",
      "count": 10,
      "xp_reward": 3,
      "weight": 40,
      "required": true
    },
    {
      "id": "the_bumblezone:sticky_honey_redstone",
      "count": 8,
      "xp_reward": 3,
      "weight": 40,
      "required": true
    },
    {
      "id": "the_bumblezone:honey_web",
      "count": 6,
      "xp_reward": 3,
      "weight": 40,
      "required": true
    },
    {
      "id": "the_bumblezone:redstone_honey_web",
      "count": 4,
      "xp_reward": 3,
      "weight": 40,
      "required": true
    },
    {
      "id": "the_bumblezone:honey_compass",
      "count": 1,
      "xp_reward": 3,
      "weight": 20,
      "required": true
    },
    {
      "id": "the_bumblezone:stinger_spear",
      "count": 1,
      "xp_reward": 3,
      "weight": 20,
      "required": true
    },
    {
      "id": "the_bumblezone:honey_crystal_shield",
      "count": 1,
      "xp_reward": 3,
      "weight": 20,
      "required": true
    },
    {
      "id": "the_bumblezone:bee_cannon",
      "count": 1,
      "xp_reward": 3,
      "weight": 20,
      "required": true
    },
    {
      "id": "the_bumblezone:honey_cocoon",
      "count": 1,
      "xp_reward": 3,
      "weight": 20,
      "required": true
    },
    {
      "id": "the_bumblezone:glistering_honey_crystal",
      "count": 1,
      "xp_reward": 3,
      "weight": 20,
      "required": true
    },
    {
      "id": "the_bumblezone:carvable_wax",
      "count": 4,
      "xp_reward": 3,
      "weight": 20,
      "required": true
    },
    {
      "id": "#the_bumblezone:super_candles",
      "count": 2,
      "xp_reward": 3,
      "weight": 1,
      "required": true
    },
	{      "id": "tconstruct:ender_slime_sapling",      "count": 1,      "xp_reward": 1,      "weight": 10,      "required": true    }, 
    {      "id": "regions_unexplored:alpha_grass_block",      "count": 1,      "xp_reward": 1,      "weight": 10,      "required": true    }, 
    {      "id": "tconstruct:sky_earth_slime_grass",      "count": 1,      "xp_reward": 1,      "weight": 10,      "required": true    }, 
    {      "id": "tconstruct:ender_slime_ball",      "count": 1,      "xp_reward": 1,      "weight": 10,      "required": true    }, 
    {      "id": "create:polished_rose_quartz",      "count": 1,      "xp_reward": 1,      "weight": 10,      "required": true    }, 
    {      "id": "tconstruct:ichor_slime_dirt",      "count": 1,      "xp_reward": 1,      "weight": 10,      "required": true    }, 
    {      "id": "compactxpbottles:x4experiencebottle",      "count": 1,      "xp_reward": 1,      "weight": 10,      "required": true    }, 
    {      "id": "regions_unexplored:alpha_sapling",      "count": 1,      "xp_reward": 1,      "weight": 10,      "required": true    }, 
    {      "id": "tconstruct:sky_cake",      "count": 1,      "xp_reward": 1,      "weight": 10,      "required": true    }, 
    {      "id": "tconstruct:manyullyn_nugget",      "count": 1,      "xp_reward": 1,      "weight": 10,      "required": true    }
  ]
}