{
  "temperature": 0.6,
  "downfall": 0,
  "has_precipitation": false,
  "effects": {
    "sky_color": 0,
    "fog_color": 0,
    "water_color": 4159204,
    "water_fog_color": 329011,
    "mood_sound": {
      "sound": "minecraft:ambient.cave",
      "tick_delay": 6000,
      "block_search_extent": 8,
      "offset": 2
    }
  },
  "spawners": {
    "monster": [
      {
        "type": "minecraft:spider",
        "weight": 100,
        "minCount": 4,
        "maxCount": 4
      },
      {
        "type": "minecraft:zombie",
        "weight": 95,
        "minCount": 4,
        "maxCount": 4
      },
      {
        "type": "minecraft:zombie_villager",
        "weight": 5,
        "minCount": 1,
        "maxCount": 1
      },
      {
        "type": "minecraft:skeleton",
        "weight": 100,
        "minCount": 4,
        "maxCount": 4
      },
      {
        "type": "minecraft:creeper",
        "weight": 100,
        "minCount": 4,
        "maxCount": 4
      },
      {
        "type": "minecraft:slime",
        "weight": 100,
        "minCount": 4,
        "maxCount": 4
      },
      {
        "type": "minecraft:enderman",
        "weight": 10,
        "minCount": 1,
        "maxCount": 4
      },
      {
        "type": "minecraft:witch",
        "weight": 15,
        "minCount": 1,
        "maxCount": 1
      }
    ],
    "creature": [],
    "ambient": [
      {
        "type": "minecraft:bat",
        "weight": 10,
        "minCount": 8,
        "maxCount": 8
      }
    ],
    "axolotls": [],
    "underground_water_creature": [
      {
        "type": "minecraft:glow_squid",
        "weight": 10,
        "minCount": 4,
        "maxCount": 6
      }
    ],
    "water_creature": [],
    "water_ambient": [],
    "misc": []
  },
  "spawn_costs": {},
  "carvers": {
    "air": [
      "mining_dim:rad_cave",
	  "mining_dim:big"					   
    ]
  },
  "features": [
    [
      "minecraft:lake_lava_underground",
      "minecraft:monster_room",
      "minecraft:monster_room_deep",
      "minecraft:ore_dirt",
      "minecraft:ore_gravel",
      "minecraft:ore_granite_upper",
      "minecraft:ore_granite_lower",
      "minecraft:ore_diorite_upper",
      "minecraft:ore_diorite_lower",
      "minecraft:ore_andesite_upper",
      "minecraft:ore_andesite_lower",
      "minecraft:ore_tuff",
      "minecraft:underwater_magma",
      "minecraft:disk_sand",
      "minecraft:disk_clay",
      "minecraft:disk_gravel",
      "minecraft:glow_lichen",
      "mining_dim:ore_coal_lower",
      "mining_dim:ore_coal_upper",
      "mining_dim:ore_copper",
      "mining_dim:ore_copper_large",
      "mining_dim:ore_diamond",
      "mining_dim:ore_diamond_buried",
      "mining_dim:ore_diamond_large",
      "mining_dim:ore_emerald",
      "mining_dim:ore_gold",
      "mining_dim:ore_gold_lower",
      "mining_dim:ore_infested",
      "mining_dim:ore_iron_middle",
      "mining_dim:ore_iron_small",
      "mining_dim:ore_iron_upper",
      "mining_dim:ore_lapis",
      "mining_dim:ore_lapis_buried",
      "mining_dim:ore_redstone",
      "mining_dim:ore_redstone_lower",
      "mining_dim:geode_amethyst",
      "mining_dim:geode_nether",
      "mining_dim:dropleaf",
      "mining_dim:blue_bioshroom",
      "mining_dim:green_bioshroom",
      "mining_dim:pink_bioshroom",
	  "create:striated_ores_overworld",
	  "create:zinc_ore",
	  "spelunkery:sulfur_patch",
	  "oreganized:lead_ore",
	  "oreganized:silver_ore",
	  "mining_dim:hanging_prismarite_cluster"
    ]
  ]
}
