{
  "type": "cave",
  "config": {
    "probability": 1,
    "y": {
      "type": "uniform",
      "min_inclusive": {
        "absolute": -50
      },
      "max_inclusive": {
        "absolute": 354
      }
    },
    "lava_level": {
      "absolute": -40
    },
    "replaceable": "#minecraft:overworld_carver_replaceables",
    "yScale": {
      "type": "clamped_normal",
      "value": {
        "mean": 10,
        "deviation": 2.5,
        "min": 5,
        "max": 15
      }
    },
    "horizontal_radius_multiplier": {
      "type": "clamped_normal",
      "value": {
        "mean": 1.5,
        "deviation": 0.4,
        "min": 0,
        "max": 2.5
      }
    },
    "vertical_radius_multiplier": {
      "type": "clamped_normal",
      "value": {
        "mean": 1.5,
        "deviation": 0.4,
        "min": 0,
        "max": 2.5
      }
    },
    "floor_level": {
      "type": "clamped_normal",
      "value": {
        "mean": 0,
        "deviation": 0.4,
        "min": -1,
        "max": 1
      }
    }
  }
}
