{
  "feature": "mining_dim:stone_geode",
  "placement": [
    {
      "type": "minecraft:count",
      "count": 1
    },
    {
      "type": "minecraft:rarity_filter",
      "chance": 20
    },
    {
      "type": "minecraft:in_square"
    },
    {
      "type": "minecraft:height_range",
      "height": {
        "type": "minecraft:uniform",
        "max_inclusive": {
          "absolute": 120
        },
        "min_inclusive": {
          "absolute": -40
        }
      }
    },
    {
      "type": "minecraft:biome"
    }
  ]
}
