{
  "type": "minecraft:crafting_shaped",
  "pattern": [
    "CNC",
    "BEB",
    "RRR"
  ],
  "key": {
    "C": [
      {
        "item": "minecraft:magma_cream"
      }
    ],
    "B": [
      {
        "item": "minecraft:blaze_rod"
      }
    ],
    "R": [
      {
        "item": "create:electron_tube"
      }
    ],
    "N": [
      {
        "item": "minecraft:netherite_ingot"
      }
    ],
    "E": [
      {
        "item": "immersive_aircraft:engine"
      }
    ]
  },
  "result": {
    "item": "immersive_aircraft:nether_engine"
  }
}
